,기업이름,고용형태,연봉,기업주소,키워드,담당업무,필요역량
0,(주)포디게이트,신입/경력1년↑,"월급 3,000,000"," 경기도 안양시 동안구 시민대로109번길 29 (호계동,에이스하이테크시티 범계)3D SCAN STUDIO 512호, OFFICE 706호 ",드론,"여행·레저, 광고·CG·시각디자인","


드론 조종사 / Reality Capture 데이터 편집 가능자 - 정규직 채용 - 인크루트 채용
















안녕하세요. (주)포디게이트입니다. 2010년에 설립된 회사로3D스캐너 판매 및 교육, 3D스캔 용역, 역설계, 치수검사 서비스등을 진행하고 있으며, 건축 건설, 항공 선박, 플랜트 역설계, 디지털트윈, 문화재 복원, 영화 드라마 등다양한 래퍼런스를 보유하고 있는 3D 컨설팅 전문업체입니다.
(주)포디게이트
드론 조종사 / Reality Capture 데이터 편집 가능자 - 정규직 채용




모집부문 및 자격요건









모집부문
담당업무
자격요건
인원




드론조종

[담당업무]담당업무ㆍ 드론 프로젝트 (용역사업/연구과제 등) 수행     - 항공촬영, 영화세트장 촬영     - 드론 촬영후 Reality Capture (데이터편집, Texture Mapping) 후가공 까지


[자격요건]ㆍ드론 조종사 1급 자격증ㆍReality Capture 프로그램 사용 가능자[우대사항]ㆍ인근거주자ㆍ운전가능자ㆍ유관업무 경력자

0 명





근무조건
고용형태: 정규직(수습기간3개월)인근지하철역: 서울4호선 범계 (7번 출구에서  400m이내), 서울1호선 명학(성결대앞) (2번 출구에서  400m이내)급여조건: 월급 주40시간, 세전 300만원 (경력에 따라 협의가능)


전형단계 및 제출서류
전형단계: 서류전형 > 면접진행 > 최종심사 > 최종합격추가 제출서류이력서, 자기소개서


접수방법
2024-02-07 (수) 23시59분까지
접수방법: 인크루트 채용시스템접수양식: 인크루트 이력서


기타 유의사항

입사지원서 및 제출서류에 허위사실이 있을 경우 채용이 취소될 수 있습니다.


00










"
1,(주)엑스퍼넷,신입/경력(연차무관),," 서울특별시 구로구 디지털로31길 38-21 609호 (구로동,이앤씨벤처드림타워3차) ",드론,"기술영업, 여행·레저, 소프트웨어·하드웨어","


[엑스퍼넷] 드론 관련 영업직 공개채용 - 인크루트 채용















(주)엑스퍼넷안티드론 영업직 신입/경력직 채용




모집부문 및 자격요건






모집부문
담당업무
자격요건
인원




      안티드론        영업

[담당업무]드론 관련 국내 영업 및 판촉활동- 안티드론 영업기획 및 시장전략 수립, 신규시장 개발, 해외 벤더사 커뮤니케이션 진행, 국내 총판 역할 등[근무부서 및 직급/직책]근무부서: 솔루션사업본부직급/직책: 사원, 주임, 대리, 과장, 차장

[자격요건]경력사항: 신입/경력기       타: 영어 가능자, 해외여행에 결격이 없는자[우대사항]   - 전기/전자공학 졸업자   - 컴퓨터활용능력 우수자   - 안티드론 사업 및 현장 경험자   - RF 관련 국내/해외 영업 경험자

0 명





근무조건
고용형태: 정규직(수습기간3개월)근무부서: 솔루션사업본부인근전철역: 4호선 안산역급여조건: 연봉 회사내규근무시간 : 08:00 ~ 19:00 (8시간 탄력근무제) / 주 5일


전형단계 및 제출서류
전형단계: 서류전형 > 면접진행 > 최종심사 > 최종합격추가 제출서류이력서에 연락처, 희망연봉 기재제출한 서류는 일체 반환하지 않음이력서, 자기소개서서류전형, 면접전형


접수방법
채용시 마감
접수방법: 인크루트 채용시스템접수양식: 인크루트 이력서복리후생연금보험 : 4대보험 및 퇴직연금 (DC) 사내문화 : `인싸`만들기 캠페인, 스포츠 동호회, 사우회, 해외봉사활동, 기타단체활동 적극지원사내복지 : 조 중식 및 간식 (탐앤탐스) 제공, 외부식당 및 카페 무료이용, 직무교육비 지원, - 사내복지 : 대학(원)등록금 지원, 경조금, 상조서비스 지원, 장기근속사원 감사보너스 및 휴가, - 사내복지 : 생일자 조기퇴근, 월 1회 조기퇴근, 안마의자 (바디프랜드 팬텀) 및 공기청정기,                  법인 리조트 지원, 사내 카페, 탄력근무제청년내일채움공제 참여가능 (요건 충족 시)


기타 유의사항

입사지원서 및 제출서류에 허위사실이 있을 경우 채용이 취소될 수 있습니다.














"
2,(주)엑스퍼넷,신입/경력(연차무관),," 서울특별시 구로구 디지털로31길 38-21 609호 (구로동,이앤씨벤처드림타워3차) ",드론,"기술영업, 여행·레저, 소프트웨어·하드웨어","


[엑스퍼넷] 드론 관련 기술지원 공개채용 - 인크루트 채용















(주)엑스퍼넷드론 관련 기술지원 공개채용




모집부문 및 자격요건






모집부문
담당업무
자격요건
인원




       안티드론      기술자원
[담당업무]안티드론 관련 기술지원- 안티드론 관련 최신기술 분석 및 기술협력 지원, 안티드론 임무장비 관리, 안티드론 현장 테스트 지원/기술지원/현장적용 등[근무부서 및 직급/직책]근무부서: 기술본부직급/직책: 사원, 주임, 대리, 과장, 차장

[자격요건]경력사항: 신입/경력기       타: 영어 가능자, 해외여행에 결격이 없는자[우대사항]   - 전기/전자공학 졸업자   - 컴퓨터활용능력 우수자   - 안티드론 사업 및 현장 경험자   - RF/재머 관련 기술 국내/해외 영업 경험자

0 명





근무조건
고용형태: 정규직(수습기간3개월)근무부서: 솔루션사업본부인근전철역: 4호선 안산역급여조건: 연봉 회사내규근무시간 : 08:00 ~ 19:00 (8시간 탄력근무제) / 주 5일


전형단계 및 제출서류
전형단계: 서류전형 > 면접진행 > 최종심사 > 최종합격추가 제출서류이력서에 연락처, 희망연봉 기재제출한 서류는 일체 반환하지 않음이력서, 자기소개서서류전형, 면접전형


접수방법
채용시 마감
접수방법: 인크루트 채용시스템접수양식: 인크루트 이력서복리후생연금보험 : 4대보험 및 퇴직연금 (DC) 사내문화 : `인싸`만들기 캠페인, 스포츠 동호회, 사우회, 해외봉사활동, 기타단체활동 적극지원사내복지 : 조 중식 및 간식 (탐앤탐스) 제공, 외부식당 및 카페 무료이용, 직무교육비 지원, - 사내복지 : 대학(원)등록금 지원, 경조금, 상조서비스 지원, 장기근속사원 감사보너스 및 휴가, - 사내복지 : 생일자 조기퇴근, 월 1회 조기퇴근, 안마의자 (바디프랜드 팬텀) 및 공기청정기,                  법인 리조트 지원, 사내 카페, 탄력근무제청년내일채움공제 참여가능 (요건 충족 시)


기타 유의사항

입사지원서 및 제출서류에 허위사실이 있을 경우 채용이 취소될 수 있습니다.














"
3,(주)비에이블컨설팅그룹,경력4년↑,," 서울특별시 금천구 가산디지털2로 165 1501호 (가산동,백상스타타워2차) ",드론,"생산관리, 전기·전자·통신기능, 전자·반도체","


[가전부품제조사] 드론 제조 전문가 (대리-차장급) - 인크루트 채용













[채용회사] 가전부품 중견기업[포지션명] 드론 제조 전문가 (대리-차장급)[담당업무]- 드론 개발 및 제조[지원자격]- 학력 : 2년제 이상- 경력 : 드론업계 4년 이상[우대사항]- 중국 드론업체에서 드론 개발 및 제조(생산기술) 경력자[채용형태] 정규직[처우조건] 면접 후 협의[근무지] 경기도 안양시[진행절차] 서류전형 -> 1차 면접 -> 2차 면접 -> 최종합격[지원 방법]- 제출서류: 이력서 및 자기소개서(당사 양식에 사진첨부, 연락처, 최종/희망연봉 기재)- 제출방법: 온라인 또는 이메일(leejw1172@nate.com******@*******.***)지원- 제출기한: ASAP (채용 시 마감)- 서류결과: 서류 pass되신 분만 개별 연락드리오니 이점 사전 양해바랍니다.- 긴급 연락처 : (주)비에이블컨설팅그룹 이재운전무(***-****-**** / leejw1172@nate.com******@*******.***)  *****************************************************************************************▣ 직접지원 보다 헤드헌터 이용 시 장점- 서류작성에 도움(특히, 경력직이기 때문에 경력기술이 중요)- 면접 및 회사에 대한 정보 제공- 일정이나 진행사항 수시 체크 가능- 연봉협상 시 후보자의 의견 적극 반영(주)비에이블컨설팅그룹은 구직을 의뢰한 분의 신원은 철저히 보안을 유지하고 있으며구직을 의뢰한 분에게는 일체의 사례를 받지 않고 있습니다.**************************************************************************************(주)비에이블컨설팅그룹 헤드헌터 이재운 전무TEL : ***-****-****HP : ***-****-****   FAX: ***-****-****E-mail: leejw1172@nate.com******@*******.*** / jwlee@babcg.com******@*******.***









"
4,(주)피플스카우트,경력3~10년,, 서울특별시 마포구 삼개로 16 근신빌딩 2신관 501호 (도화동) ,드론,기계·금속·재료,"


[대기업/그룹사] 모터개발(BLDC 모터 설계) / 대리-과장급 채용 - 인크루트 채용













◈ 추천회사- 국내 대기업 자동차 부품 제조 전문회사(대기업/그룹사)* 자동차용 브레이크드림, 자동차 조향장치, 허브, 디스크, 스티어링컬럼등* 1티어 자동차 부품사로 현대기아차, BMW 등을 주요 고객사* 사원수: 1,000명 / 해외사업장: 미국, 인도, 중국 등 8개국 / 국내사업장: 본사외 4개지역 공장 등 ◈ 포지션- [대기업/그룹사]모터개발(BLDC 모터 설계)/대리-과장급/2명                                         ◈ Job description:■ 현대중공업 ED 모터 기구 개발 ■ 드론 모터 기구 담당 ■ 150kW 다이나모 테스트 운영 ◈ Requirement capability- 학력: 4년제 대졸 이상자- 경력: 관련 직무 경력 3년 ~ 10년차 이하자- 전공: 기계공학, 공학계열 전공자- BLDC 모터 설계 경험자 우대- CATIA 활용 능숙자 우대- 밸브 관련업체 경력자(재직/퇴직) 우대- 대기업 및 중견기업 경력자- 해외여행에 결격 사유가 없는 자- 이직 회수가 적은 자(1개 회사 최소 3년 이상 재직자)  [우대사항]- 동종업계 경력자- 영어 능통자 우대[근무지]경기도 화성시 소재   ◈제시 연봉 : 경력에 따라 협의 ◈ 제출서류  - 국문이력서 (자기소개 및 경력기술 내용포함) 1개 파일로 제출요망  - 포토폴리오(해당자에 한함)  - 이력서 제출시 최종연봉,희망연봉 필수 기재,   - 문서이름은 “지원분야?성명”으로 표기  - 경력기술서 작성시 보유기술 및 경험직무에 대해서 상세 기술 요망  ◈ 제출기한 및 근무가능일 : ASAP(채용시 마감)  ◈ 접수방법 ; [담당자 : 임정우 본부장]- e-mail 접수 : hunter@peoplescout.co.kr******@*******.*** - 제출기한 : 선착순 E-mail 접수 분에 한합니다.- 전화문의 : ***-****-**** / ***-****-****- 합격통보 : 합격자에 한하여 개별 연락드리오니 양해바랍니다.






"
5,잡앤서비스,경력(연차무관),, 광주광역시 북구 추암로 201 월출동 (첨단) 인근 ,드론,"원자력·우주·조선·철강, 연구원·연구개발, 경영·기획·전략","


드론 관련 경험자 / 나이무관 - 인크루트 채용
















잡앤서비스
드론 관련 경험자 / 나이무관



모집부문 및 자격요건






담당업무
자격요건
인원





[근무부서 및 직급/직책]직급/직책: 전문직, 연구소장, CEO, COO, CFO, CIO, CCO, 임시직/프리랜서, 지사장, 그룹장, 센터장, 본부장, 사업부장, 고문


[자격요건]경력사항: 경력(연차무관)학력사항: 학력무관

0 명





근무조건
고용형태: 정규직급여조건: 연봉 회사내규


전형단계 및 제출서류
전형단계: 서류전형 > 면접진행 > 최종심사 > 최종합격추가 제출서류이력서, 자기소개서


접수방법
채용시
접수방법: 인크루트 채용시스템, 이메일접수양식: 인크루트 이력서


기타 유의사항

입사지원서 및 제출서류에 허위사실이 있을 경우 채용이 취소될 수 있습니다.











"
6,(주)프리뉴,경력2년↑,," 경기도 안산시 단원구 산단로 325 (신길동,리드 스마트스퀘어 지식산업센터) F-501호 ~ 503호 ",드론,소프트웨어·하드웨어,"


(주)프리뉴 기업부설연구소 선행개발팀 경력직 채용 - 인크루트 채용















(주)프리뉴
기업부설연구소 선행개발팀 채용﻿



모집부문 및 자격요건






담당업무
자격요건
인원





회로설계 엔지니어[담당업무]- 드론 전자장치 및 임무장치 보드 설계[근무부서 및 직급/직책]- 근무부서: 연구소- 직급/직책: 연구원, 전임연구원

[자격요건]- 대졸 이상(4년) / 전기,전자공학계열- 관련 업무 경력 2년 이상자[우대사항]- OrCAD 능숙자- ARM 계열 프로세서 적용 보드 설계 유경험자

0 명





근무조건
고용형태: 정규직 (수습기간3개월 공통)근무부서: 기업부설연구소근무지역: 경기도 안산시 단원구 신길동 1229 안산스마트스퀘어 501, 502, 503호급여조건: 연봉 회사내규


전형단계 및 제출서류
전형단계: 서류전형 > 1차면접 > 2차면접 > 최종합격추가 제출서류이력서에 연락처, 희망연봉 기재제출한 서류는 일체 반환하지 않음이력서, 자기소개서서류전형, 면접전형


접수방법
접수방법: 인크루트 채용시스템접수양식: 인크루트 이력서


복리후생

연금보험 : 4대보험 및 퇴직연금 (DC)사내문화 :  스포츠 동호회, 사우회사내복지 : 조식,중식,석식 및 간식 제공, 직무교육비 지원, 대학(원) 등록금 지원, 경조금, 상조서비스 지원, 장기근속사원 감사보너스 및 휴가, 생일자 조기퇴근, 월 1회 조기퇴근, 공기청정기, 법인 리조트 이용














"
7,(주)봄날,경력1년↑,," 서울특별시 금천구 가산디지털2로 70 (가산동,대륭테크노타운19차) ",드론,방송제작·연출·촬영·기자,"


촬영·카메라 경력 정규직 채용공고합니다. - 인크루트 채용
















(주)스튜디오 에스오아이
촬영·카메라 경력 정규직 채용공고합니다. 



모집부문 및 자격요건






담당업무
자격요건
인원





[담당업무]라이브커머스, 홍보영상, 광고영상 등 외주프로덕션에서 촬영감독님을 모십니다. 주 업무는 라이브커머스, 홍보영상 입니다. 별도 드론 촬영도 가능하신 감독님 모집합니다. [근무부서 및 직급/직책]근무부서: 촬영팀직급/직책: 사원


[자격요건]경력사항: 경력(1년 이상 )학력사항: 학력무관직무기술: 촬영·카메라

1 명





근무조건
고용형태: 정규직(수습기간3개월)근무부서: 촬영팀급여조건: 연봉 협의 후 결정


전형단계 및 제출서류
전형단계: 서류전형 > 면접진행 > 최종심사 > 최종합격추가 제출서류이력서(경력사항필히포함), 자기소개서. (별도 드론촬영 가능한분)


접수방법
채용시
접수방법: 인크루트 채용시스템, 이메일접수양식: 인크루트 이력서, 자유양식


기타 유의사항

입사지원서 및 제출서류에 허위사실이 있을 경우 채용이 취소될 수 있습니다.














"
8,다스코리아,신입,, 경기도 화성시 반월북길 23 다스코리아(반월동) ,드론,"기술영업, 영업관리·영업지원","


[다스코리아(주)] 자동화 제품 기술 영업   (신입/경력) 모집 - 인크루트 채용


















[다스코리아(주)] 자동화 제품 기술 영업   (신입/경력) 모집
우리 회사를 한 줄로 표현해주세요
우리 회사에 대해 4줄 이내로 소개해주세요




모집부문 및 자격요건









모집부문
담당업무
자격요건
인원




기술영업

[담당업무]ㆍPLC, Remote I/O, 드라이브, 서보모터 등 자동화 제품 기술 영업 ㆍ전기전자부품(슈나이더일렉트릭, 필츠, 바이드뮬러 등) B2B 영업 ㆍ제품 상담, 기술지원, 거래처 관리 등[근무부서 및 직급/직책]근무부서: 영업팀


[자격요건]경력사항: 신입학력사항: 대학(2,3년)졸업 이상기타: 자동화제품(Motion, PLC등) 영업 유경험자[우대사항]우대사항: 인근거주자, 운전가능자

2 명





근무조건
고용형태: 정규직(수습기간3개월)근무부서: 영업팀급여조건: 연봉 회사내규


전형단계 및 제출서류
전형단계: 서류전형 > 면접진행 > 최종심사 > 최종합격추가 제출서류이력서, 자기소개서


접수방법
채용시
접수방법: 인크루트 채용시스템접수양식: 인크루트 이력서


기타 유의사항

입사지원서 및 제출서류에 허위사실이 있을 경우 채용이 취소될 수 있습니다.


00










"
9,(주)잡뉴스솔로몬서치,경력2~12년,," 서울특별시 서초구 방배로 39 1층 104호 (방배동,미주빌딩) ",드론,기계·금속·재료,"


항공방산 엔진 제어 개발 (항공/ 드론/ 장갑차, 사원-과장급) - 자동차 엔진 설계, 개발 전문기업 - 인크루트 채용













[의뢰사]- 자동차 엔진 설계, 개발 전문기업, 국내 1위 기업- 국내외 완성차, 중장비 생산기업, 미국/ 인도/ 인도네시아/ 유럽 소재 기업 의 엔진/ 트랜스미션 설계 개발- 최근 전기차, 내장재 부문 사업 다각화 확장중 - 회사위치/ 근무지 : 경기도 화성시 동탄연구소 [채용내용, 담당업무, 자격요건]1. 채용부문 :     - 항공방산 엔진 제어 개발  2. 담당업무 :    - 항공 및 방산 엔진 제어 개발    - 첨단 무인 드론 추진계 신규 국산화 개발       * 엔진 성능 최적화       * 제어기 캘리브레이션    - 차세대 장갑차 엔진 신규 국산화 개발       * 제어기 캘리브레이션3. 채용직급 :    - 사원~과장급 4. 자격요건 :    - 4년제 대졸이상     - 관련경력 2년~12년    - 영어 가능자 (성적 제출 필요)              5. 회사위치/ 근무지 :    - 경기도 화성시 동탄연구소 [전형방법]- 서류전형- 면접전형, 서류전형 합격자에 한하여 개별 통보[제출서류]- 한글 이력서 : 사진첨부 및 희망직급, 희망연봉, 연락처 등 기재- MSword 파일로 작성 [지원방법]- Online 시스템 지원 : Incruit- e-Mail 지원 : jirhee@jobnews.co.kr******@*******.*********@*******.***,  jaeinrhee@naver.com******@*******.*********@*******.***[근무여건]- 회사위치/ 근무지 : 경기도 화성시 동탄연구소- 직급/ 연봉 :  면접시 경력에 따라 협의 결정- 회사복지 : 최고 수준, 기숙사/ 사택 제공===========================================================================- (주)잡뉴스 H.R.Consulting  솔로몬서치- `미래와 신뢰`를 약속드리는 컨설턴트 이사 이 재 인- 전화 연락처 : 070-7712-9378,  ***-****-****- e-Mail : jirhee@jobnews.co.kr******@*******.*********@*******.***,  jaeinrhee@naver.com******@*******.*********@*******.***






"
10,웹뜰 주식회사,신입/경력1~5년,," 서울특별시 성동구 아차산로 17 703호, 704호 (성수동1가,서울숲엘타워) ",드론,유통·상품기획·MD,"


패션 온라인MD 신입/경력  채용 - 인크루트 채용













우리 회사를 한 줄로 표현해주세요우리 회사에 대해 4줄 이내로 소개해주세요웹뜰 주식회사패션 온라인MD 신입/경력  채용

모집부문 및 자격요건









모집부문
담당업무
자격요건
인원




패션 온라인MD

[담당업무]ㆍ각 브랜드 담당 온라인MD 매출목표 달성ㆍ상품 판매율 관리, 행사 기획 및 영업ㆍ온라인 MD (운영 브랜드)- 여성 : 조이너스, 꼼빠니아- 언더: 세컨스킨- 남성 : by파크랜드_보스트로, 오스틴리드- 캐주얼 : 뱅뱅, 행텐 외- 아웃도어 : 아이더, 다이나핏, 마모트,- 마운티아 , 레드페이스 외- 골프/ 스포츠 : 와이드앵글, 힐크릭, 엘레쎄- 삼성물산 : 토리버치, 띠어리, 레이블씨[근무부서 및 직급/직책]근무부서: MD팀직급/직책: 사원, 대리, 팀원


[자격요건]ㆍ경력사항: 신입, 경력(1년 이상 5년 이하)ㆍ학력사항: 학력무관[우대사항]ㆍ패션 온라인MD 경력 최소 1년 이상 ㆍ목표 달성율이 높고, 상품 판매율 관리를 잘하시는 분 ㆍ엑셀 고급 능력을 갖추신 분 ㆍ위탁, 사입, 벤더에 대한 경험과 이해가 높으신 분  ㆍ책임감 있고,긍정적이며 능동적이신 분

0 명





근무조건
고용형태: 정규직(수습기간3개월)근무부서: MD팀급여조건: 연봉 협의 후 결정


전형단계 및 제출서류
전형단계: 서류전형 > 면접진행 > 최종합격제출서류: 이력서, 자기소개서


접수방법
채용시
접수방법: 인크루트 채용시스템접수양식: 인크루트 이력서


기타 유의사항

입사지원서 및 제출서류에 허위사실이 있을 경우 채용이 취소될 수 있습니다.


00










"
11,(주)프리뉴,경력2년↑,," 경기도 안산시 단원구 산단로 325 (신길동,리드 스마트스퀘어 지식산업센터) F-501호 ~ 503호 ",드론,"연구원·연구개발, 원자력·우주·조선·철강, 기계·금속·재료","


[(주)프리뉴] 기업부설연구소 무인항공기 구조/공력 설계 - 인크루트 채용


















(주) 프리뉴 기업부설연구소 무인항공기 구조/공력 설계 채용





모집부문 및 자격요건









모집부문
담당업무
자격요건
인원




                    무인항공기 구조/공력 설계

[담당업무]- 무인기/ 드론 구조 설계 : 무인항공기/ 드론 구조설계 및 제작 구현[근무부서 및 직급/직책]근무부서: 기업부설연구소 직급 : 연구원/ 전임 연구원


[자격요건]-필수사항- 경력사항: 경력 2년 이상- 3D CAD 설계 능력, 복합소재(cfrp) 구조 설계- 구조설계/해석의 경험 및 지식- 무인항공기/드론 시스템에 대한 경험 및 지식- 무인항공기/드론 공력 및 추진시스템에 대한 경험 및 지식

0 명





근무조건
고용형태: 정규직(수습기간3개월)근무지역: (15426) 경기 안산시 단원구 산단로 325 리드 스마트스퀘어 지식산업센터 513, 514호(신길동) 급여조건: 연봉 협의 후 결정


전형단계 및 제출서류
전형단계: 서류전형 > 면접진행 > 2차면접진행 > 최종합격추가 제출서류이력서, 자기소개서


접수방법
채용시
접수방법: 인크루트 채용시스템접수양식: 인크루트 이력서


기타 유의사항

입사지원서 및 제출서류에 허위사실이 있을 경우 채용이 취소될 수 있습니다.


00










"
12,(주)프리뉴,경력2년↑,," 경기도 안산시 단원구 산단로 325 (신길동,리드 스마트스퀘어 지식산업센터) F-501호 ~ 503호 ",드론,"생산·조립·가공·포장·검품, 품질관리, 전자·반도체","


(주)프리뉴 생산기술본부 지원팀 채용 - 인크루트 채용
















(주)프리뉴
생산기술본부 지원팀 채용



모집부문 및 자격요건






담당업무
자격요건
인원





[담당업무] - 외부 요청에 의한 비행용역, 비행시연 등의    기체 조종 업무 - 기체에 대한 하드웨어 파트의 정비 업무 - 고객사의 운용지원을 위한 운용교육업무 - 무인항공관련 학술회, 전시회 등의 지원업무[근무부서 및 직급/직책]- 근무부서:  생산기술본부 지원팀- 직급/직책: 팀원

[자격요건]_- 초경량비행장치 무인멀티콥터 1종- 운전면허 소지자(2종 보통 이상)

2 명





근무조건
고용형태: 정규직 (수습기간3개월 공통)근무부서: 생산기술본부 지원팀근무지역: 경기도 안산시 단원구 신길동 1229 안산스마트스퀘어 501, 502, 503호, 513호, 514호급여조건: 연봉 회사내규


전형단계 및 제출서류
전형단계: 서류전형 > 1차 실무자 면접 >  2차 대표이사 면접  > 최종합격추가 제출서류이력서에 연락처, 희망연봉 기재제출한 서류는 일체 반환하지 않음이력서, 자기소개서서류전형, 면접전형


접수방법
접수방법: 인크루트 채용시스템접수양식: 인크루트 이력서


복리후생

연금보험 : 4대보험 및 퇴직연금 (DC)사내문화 :  스포츠 동호회, 사우회사내복지 : 중식 및 간식 제공, 직무교육비 지원, 대학(원) 등록금 지원, 경조금, 상조서비스 지원, 장기근속사원 감사보너스 및 휴가, 생일자 조기퇴근, 월 1회 조기퇴근, 공기청정기, 법인 리조트 이














"
13,(주)스타리치어드바이져,신입/경력(연차무관),," 서울특별시 강남구 강남대로62길 3 7층 (역삼동,한진빌딩)   ",드론,"경영·기획·전략, 세무·회계, 금융·보험영업","


법인영업, 경영컨설팅 외 신입/경력 위촉직 채용 - 인크루트 채용
















(주)스타리치어드바이져법인영업, 경영컨설팅 외 신입/경력 위촉직 채용*현재 소속되어 일하시는 곳에서 이직을 원하시나요?*개인영업에 정체된 Pool로 매일매일 만날 고객(사업자)가 없어 고민이신가요?*개인영업에서 법인영업시장으로 전환을 원하시나요?*법인영업을 현재도 하고 계시지만..., 솔루션이나 실무처리를 보강하면서 더욱 큰 성장을 하고 싶은가요?*실무를 배우고 싶은데 무엇을 어디서부터 배워야할지 막막하신가요?*법인영업을 위한 교육을 위해 외부교육이라도 듣고 싶은데 막대한 교육비가 부담스러운가요?(주)스타리치어드바이저는 법인영업의 사관학교라 불립니다. 그 곳에서 소수정예로 팀을 꾸려 좋은 성과를 내고 있는 곳에서 확장을 위해 신규팀원을 모집합니다.주당 2~4개의 양질의 DB를 회사에서 무료로 제공하며회사 자체교육은 물론, 팀내부의 역량강화교육은 다른 여타의 고액 외부교육 보다 더 현실적인 도움이되는 고퀄리티 자체교육시스템을 갖추고 있습니다.주저하는 순간, 최고의 팀에서 일할 기회가 사라집니다.우선, 상담하시고 직접 느끼시고 함께 할 판단하세요.지금 바로, 아래 연락처로 상담 문의 바랍니다. 문자나 이메일 모두 환영합니다!!Tel) ***-****-****    || email) modoree@naver.com******@*******.****모집부문 및 자격요건









담당업무
자격요건
인원





[담당업무]법인기업들의 경영컨설팅 업무: 재무회계, 세무회계, 절세컨설팅, 경영전반컨설팅, 기업자본거래 컨설팅, 노무, 법무 컨설팅


[자격요건]경력사항: 신입, 경력(연차무관)학력사항: 학력무관기타: 보험영업, 대면영업, 부동산영업, 병원영업, 화장품영업  모든 업종의 대면영업 경력자 특별 우대개인보험영업에서 법인사업자영업 전환 희망자 특별 우대현재 법인컨설팅 영업자의 이직 적극 환영세무사사무소의 사무장 출신 특별 우대[우대사항]전공계열: 상경계열, 법학계열, 해당무

00 명





근무조건
고용형태: 위촉직(근무기간 협의 후 결정)급여조건: 건별 협의 후 결정


전형단계 및 제출서류
전형단계: 서류전형 > 면접진행 > 최종심사 > 최종합격추가 제출서류이력서, 자기소개서


접수방법
상시채용
접수방법: 인크루트 채용시스템, 우편, 이메일, 전화/휴대폰접수양식: 인크루트 이력서


기타 유의사항

입사지원서 및 제출서류에 허위사실이 있을 경우 채용이 취소될 수 있습니다.주저하는 순간, 최고의 팀에서 일하면서 자기 성장, 성과 향상, 매출 향상, 컨설팅 실력 향상의 기회를 잃게 됩니다.일단, 저희 팀들과 폭넓은 대화를 통해 법인영업의 매력을 느껴보세요.열정과 성실함을 갖고 계시다면, 조금도 망설일 이유가 없습니다.동반성장을 실천하는 팀에서 소수정예요원 충원의 기회를 잡아보세요. 00










"
14,(주)잡뉴스솔로몬서치,경력5~15년,," 서울특별시 서초구 방배로 39 1층 104호 (방배동,미주빌딩) ",드론,경영·기획·전략,"


(긴급)  DT 전략기획  팀원(경력5~15년)   그룹IT 전문기업     서울시중구 - 인크루트 채용




















Job Profile - DT 전략 기획


　
　
　
　
　


기본 정보(Basic Data)


직무명
DT전략
  기획 팀원
경력
만 5년 이상~ 만 15년 이하


부서명
디지털라이제이션총괄팀


근무지
□ 
  국가(Region) : 대한민국


□ 
  근무처 소재지 : 서울중구


직위 정보 (Position Information)


직위 그룹 계열사 DT 추진을 
  leading 할 수 있는 전문가


역할 및 책임
    (Role& Responsibility)
. 그룹 DT Vision 및전략수립
  - 계열사 DT Vision 및전략수립지원
  - 계열사제품과서비스디지털화, 주요 Value Chain 혁신전략수립및지원
  -  파트너사들과
  Co-Innovation 추진


주요 과업그룹 계열사의 DT 전환 추진 리딩 및 지원


필요요건(Qualification)


Knowledge
- AI, Big Data, Cloud 등최신
  Digtital Technology
    - 전통 기업 비즈니스 애플리케이션
  ERP/MES/PLM/CRM 등 컨설팅 및 운영
    - 제조 Industry 비즈니스 혹은 애플리케이션 경험 (발전, 산업용차량, 전자소재, 로봇, 드론등)
    - 프로젝트관리, 전략수립, 컨설팅방법론 


Skill
전략 기획 및 컨설팅, 문제해결, 커뮤니케이션, Reporting,  프로젝트 리딩


필요 경력사항
- 국내/해외 다양한 제조/수주 산업군 DT 수행 경험자, 대기업 CDO조직 근무 및
  Global 컨설팅사 출신 우대


기타
- 영어 Fluent 선호
    - R&R 및 Knowledge 측면에서 특정 분야를 깊히 경험하였고, 지식과 경험의 확장 의지가 있으신 분
근무지---------------서울 중구 채용절차------------서류전형 → 인성검사 →1차 면접(전문성 PI, Structured Interview)  → 경영진 면접  → 건강검진제출서류------------이력서, 경력기술서  ""하나님은 당신을 사랑하십니다""국내 최대 경력직 인재추천 NO 1 헤드헌팅 기업 입니다.가장 빠르고 신뢰있게 기업(구인)과 인재(구직)를 연결해드리겠습니다.  (주)잡뉴스솔로몬서치       이 범 구       경영학박사/ 이사통)070-7712-4818  / mobile) ***-****-**** M) lbg1989@jobnews.co.kr   lbg1989@naver.com******@*******.*** http://www.solomonsearch.co.kr







"
15,(주)유비파이,신입/경력(연차무관),," 서울특별시 관악구 남부순환로 1962 (봉천동,정호진 아트힐) 2층 ",드론,광고·CG·시각디자인,"


모션그래픽디자인, 그래픽디자인 외 신입/경력 정규직, 알바 채용 - 인크루트 채용
















(주)유비파이드론라이트쇼 / 웹사이트 디자이너 모집




모집부문 및 자격요건






담당업무
자격요건
인원




드론라이트쇼 디자인웹사이트 디자인드론 디자인

[자격요건]디자인 전공자 디자인 tool 사용 가능자

1 명




입사지원서 및 제출서류에 허위사실이 있을 경우 채용이 취소될 수 있습니다.
유비파이 소개UVify (유비파이) 는 로보틱스 기술을 통해 세상을 바꾸고자 노력하는 드론 스타트업 입니다.인공지능에 기반한 자율비행드론과, 세계 최초의 상용 군집비행드론을 만드는 UVify (유비파이) 는 기술로 공간의 가치를 높이고 인류의 삶을 증진시키는 사명을 수행 중에 있습니다.유비파이의 상상력을 실현하기 위하여 함께 하고자 하는 인재를 기다리고 있습니다.저희는 최첨단의 정밀 로보틱스 기술을 통해, 전에 없던 비즈니스를 창출하고 고객에게 새로운 가치를 부여하고자 기술과 제품개발에 매진하고 있습니다.드론 시스템 전반에 대한 자체 기술력을 갖춘 유비파이는 군집드론 IFO의 자체 개발 및 양산에 성공 하였으며 세계 1위 점유율을 향해 달성해나가고 있습니다.디자인 팀 소개유비파이 디자인팀은 드론라이트쇼 컨텐츠를 제작하여 쇼 주제에 맞는 KEY VISUAL을 밤하늘에 그려내고, 이를 통해 많은 사람들에게 즐거움과 감동을 선사합니다. 고객의 니즈를 파악해 크리에이티브한 아이디어를 기획하고, 드론의 정밀한 움직임과 LED 효과를 음악과 함께 연출하고 있으며 이를 위해 드론 개발부터 디자인, 연출, 기획, 마케팅까지 디자인팀에서 주체적으로 리드하고 있습니다.현재까지 샤넬, 현대자동차, 청와대 등 국내 최대규모의 행사들을 도맡아 진행해왔으며, 전세계적으로도 그 실력을 인정받아 최고의 드론라이트쇼 팀을 만들고자 당신을 기다리고 있습니다.담당업무드론라이트쇼 시안 기획, 디자인, 간단한 모션 연출정해진 드론대수 내에서 표현할 수 있는 센스있는 이미지와 아이디어 기획웹사이트, SNS, 마케팅 관련 비쥬얼이미지 제작자격요건드론쇼 주제에 맞는 컨텐츠를 기획하고, 크리에이티브한 아이디어를 낼 수 있는 분드론라이트쇼 관련주제의 KEY VISUAL을 시각적으로 표현할 수 있는 분긍정적이고 논리적인 방식으로 의사결정 할 수 있는 능력을 갖추고 계신 분팀원들과 유연하고 원활하게 커뮤니케이션 할 수 있는 분근무조건면접시 연봉협의우대사항Photoshop / Illustrator 등 기본적인 디자인 툴 사용이 가능하신분새로운 기술분야에 관심이 많고 힙한 디자이너가 되고 싶은 분많은 사람들에게 즐거움과 감동을 선사하는 것에 보람을 느끼시는 분매 프로젝트마다 새로움을 즐기고 즉각적으로 구현되는것에 희열을 느끼시는 분 복지혜택유연 출퇴근 ( 9시 ~ 11시 사이 자유출근, 저녁 6시~8시 자율 퇴근 )고사양 PC 및 업무장비 지원 ( 디자인 관련 태블릿 , 노트북 등 )자기계발 비용 무제한 지원 ( 책 / E-book / 인터넷강의 / 오프라인 세미나 등 )자유로운 휴가 사용개인 기호에 맞는 과자 / 음료 / 커피 무료 제공













"
16,(주)유나이티드이미징헬스케어코리아,신입/경력(연차무관),," 서울특별시 서초구 매헌로 16 리빙관 3층 315호 (양재동,하이브랜드) ",드론,"기술영업, 광학·의료장비","


의료기기 MRI Application Specialist 인턴 채용 - 인크루트 채용

















(주)유나이티드이미징헬스케어코리아
의료기기 MRI Application Specialist 인턴 채용
유나이티드이미징헬스케어코리아(United Imaging Healthcare Korea Co., Ltd.)는 첨단 의료 영상 및 방사선 치료 장비를 개발 및 생산하는 회사입니다. 본사는 중국 상해, 미국 텍사스 휴스턴 두 곳에 위치해 있으며, 2019년에 한국 지사가 설립되었습니다.https://www.united-imaging.com




모집부문 및 자격요건









모집부문
담당업무
자격요건
인원




MRI Application Specialist 

[담당업무]ㆍMR 교육, Product presentation, 고객 관리, Marketing, Modality 팀 내 협업, 경쟁사 분석 등ㆍ장비 및 고객 관련 지방 출장, 해외 출장 및 교육 다수[근무부서 및 직급/직책]직급/직책: 사원


[자격요건]경력사항: 신입, 경력()학력사항: 대학교(4년)졸업직무기술: MRI, Application Specialist, Modality[우대사항]전공계열: 자연과학계열, 공학계열, 의/약학계열외국어: 영어 회화능통,독해가능,작문가능자격증: TOEIC우대사항: 해당직무인턴경력자, 차량소지자, 운전가능자

0 명





근무조건
고용형태: 인턴(근무기간 협의 후 결정, 정규직 전환검토)급여조건: 연봉 협의 후 결정


전형단계 및 제출서류
전형단계: 서류전형 > 면접진행 > 2차면접진행 > 최종합격추가 제출서류영문이력서, 국문이력서,  자기소개서


접수방법
채용시
접수방법: 인크루트 채용시스템, 이메일접수양식: 인크루트 이력서, 자유양식


기타 유의사항

입사지원서 및 제출서류에 허위사실이 있을 경우 채용이 취소될 수 있습니다.


00










"
17,세종대학교,신입/경력(연차무관),,(143-747) 광진구 군자동 98 세종대학교 ,드론,일반사무·사무지원,"


우주항공드론공학부 우주항공공학전공 계약직원 모집 공고 - 인크루트 채용













1. 모집 내용 : 우주항공드론공학부 우주항공공학전공 학과 계약직원 모집 2. 모집 인원 : 1명 3. 지원자격1) 학사학위 소지자, 사립학교 교직원 임용에 결격사유가 없는 자 (필수)2) 컴퓨터 활용 (한글, MS오피스 등) 능숙자 (우대)3) 2023. 2월, 2023. 8월 본교 졸업자 (우대) 4. 근무 조건1) 급 여 : 연봉 24,372,000원2) 근무시작 : 2024년 02월 01일3) 채용기간 : 임용일로부터 6개월(6개월 근무 후, 근무 평가에 따라 재계약 가능)* 연속적으로 세종대학교에 근무한 자는 합산 2년을 초과할 수 없음.4) 근무시간 : 월~금 09:00~18:005) 보험 : 4대보험 가입(국민연금, 건강보험, 고용보험, 산재보험) 5. 채용 절차 및 지원 방법 1) 채용 절차- 서류심사 및 면접심사 (면접은 서류 전형 합격자에 한해 개별 통지) 2) 지원 방법 - 지원 방법 : 입사지원서(양식 첨부) aerodpt@sejong.ac.kr******@*******.***로 제출 - 지원기한 : 2023년 12월 28일 ~ 채용시까지 6. 문의처 : ***-****-****  붙임 : 입사지원서 1부






"
18,제이앤파트너즈코리아 (주),경력4~15년,," 서울특별시 용산구 한강대로43길 8 103동 1306호(한강로2가,벽산메가트리움) ",드론,섬유·화학,"


[코스메틱]  영상촬영/ 영상편집 - 인크루트 채용













※︎영상촬영[담당업무]•︎영상촬영, 조명 라이팅•︎비주얼(모델 및 제품) 영상촬영 , 라이팅•︎화장품 제형, 효능 및 뷰티 테크놀로지 관련 영상 촬영, 라이팅•︎다양한 디지털 미디어 환경에 들어갈 뷰티 영상 촬영, 라이팅 ​[필수사항]•︎뷰티 분야 콘텐츠 촬영 및 조명 라이팅•︎관련 경력 4년~15년•︎포트폴리오 (본인 기여부분 기재, PDF형식)  제출​[우대사항]•︎영상편집, 컬러그레이딩•︎동영상 편집툴 (프리미어, 다빈치리졸브 등) 능숙 사용 가능자•︎드론 촬영 가능자•︎상업 콘텐츠 기획, 연출, 제작에 주도적으로 참여한 경험•︎뷰티 분야 트렌드 및 다양한 브랜드에 대한 이해도가 높은 분•︎다양한 채널에 대한 이해도가 높은 분​※︎영상편집[담당업무]•︎영상, 편집, 컬러그레이딩 •︎비주얼(모델 및 제품) 편집, 후반작업•︎화장품 제형, 효능 및 뷰티 테크놀로지 관련 영상 편집, 후반 작업•︎다양한 디지털 미디어 환경에 들어갈 뷰티 영상 편집 , 후반작업 ​[필수사항]•︎동영상 편집툴 ( 프리미어, 다빈치리졸브 등) 능숙 사용 가능자•︎관련 경력 4년~15년 •︎포트폴리오 (본인 기여부분 기재, PDF형식)  제출​[우대사항]•︎2D, 3D 모션그래픽•︎영상합성, 컴포지팅•︎뷰티 분야 트렌드 및 다양한 브랜드에 대한 이해도가 높은 분•︎다양한 채널에 대한 이해도가 높은 분​ 감사합니다! ​[근무지] 판교[제출서류] 워드작성 국문이력서 (경력기술서포함)[제출기한] ASAP​[전형절차] 원서접수 ▶ 서류전형 ▶역량면접 ▶최종면접 ▶최종합격[근무형태] 정규직 (수습3개월) ​ ​ 궁금하신 사항은 연락주시기 바랍니다.감사합니다.제이앤파트너즈코리아 원옥수 상무 / Christina Won chrisy.won@jnpartners.kr******@*******.*** / ***-****-**** ﻿  ﻿






"
19,(주)스카우트파트너스,경력3~16년,," 서울특별시 강남구 테헤란로44길 5 대아빌딩 5층, 6층(역삼동) ",드론,"구매·자재, 유통·상품기획·MD, 웹기획·웹마케팅·PM","


음향.촬영기기MD (오디오.스피커.카메라) 유통 대기업 - 인크루트 채용













* 유통 대기업 / 상장/  연매출 0조원 / 정규직 / 연봉협의 (현재이상)    근무지: 서울 본사 (전국 소재 지점 출장 가능자)1. 음향기기/촬영기기 CMD 관리자급 (8년이상) - 1명■ 수행업무- 음향기기/촬영기기 카테고리에 대한 온.오프라인 상품 총괄 운영※ 취급품목: 음향기기 (이어폰, 헤드폰, 스피커, 오디오 등)                   촬영기기 (카메라, 앨션캠, 짐벌, 드론 등)- 경쟁사 동향 및 시장 트렌드 파악 및 분석, 중장기 판매 전략 수립- 카테고리 목표, 매출, 이익, 재고 분석 및 관리(상품기획, 매입, 정산외)- 매장 판매사원 상품교육/판매역량 향상- 신규 파트너사 발굴 및 입점- 온,오프라인 프로모션 기획 및 실행■ 필수요건- 대졸이상- 해당 카테고리 오프라인 or 온라인 MD 경력 8년 이상- 음향기기/촬영기기 상품에 대한 높은 이해도 및 관련업계 네트워크 보유- 파트너사와 원활한 커뮤니케이션 및 협상력 보유<우대>- 브랜드사 or 플랫폼 MD 경험- 직매입 상품 운영에 대한 전반적인 이해도- 오피스 사용력 (엑셀, 파워포인트)2. 음향MD 실무자급 (3-8년) - 1명■ 수행업무- 음향 카테고리에 대한 상품기획 및 운영※ 취급품목: 이어폰, 헤드폰, 스피커, 오디오 등- 카테고리 구매, 파내, 이익, 재고 관리 및 정산- 경쟁사 동향 및 시장 트렌드 파악- 매장 판매사원 상품교육/판매역량 향상- 파트너사 관리 및 프로모션 협의/실행■ 필수요건- 대졸이상- 해당 카테고리 오프라인 or 온라인 MD 경력 3년 이상- 음향 카테고리 상품에 대한 높은 이해도 및 관련업계 네트워크 보유- 파트너사와 원활한 커뮤니케이션 및 협상력 보유<우대>- 브랜드, 전문 유통채널 or 플랫폼 MD 경험- 직매입 상품 운영에 대한 전반적인 이해도- 오피스 사용력 (엑셀, 파워포인트)【 복리후생 】- 선택적 복리후생 (의료비, 자기계발비, 문화생활비 등 지원)- 경조금(결혼, 조의, 출산시에 경조 휴가와 경조금을 지원)- 기념일 지원(본인/배우자 생일, 결혼기념일)- 사우회(직원들의 상호부조와 복리증진을 위해 입사와 동시에 가입, 운영)- 교육비지원(자녀 학자금)- 단체보험(상해 및 암보험), 포상휴가- 건강검진(임직원 종합건강검진 매년 시행)






"
20,(주)트라이디,신입/경력(연차무관),, 경기도 김포시 유현로 242 409호 (풍무동)    ,드론,"총무·법무·특허, 일반사무·사무지원, 토목·조경·도시·측량","


공공측량,해양측량,지하시설물측량, 드론측량, 관리팀 신입/경력직 채용 - 인크루트 채용













공공측량,해양측량,지하시설물측량, 드론측량, 관리팀 신입/경력직 채용모집부문담당업무수로측량현장직/내업직(0명)담당업무(현장직)- 선박을 이용한 멀티빔 수심측량- 항만측량/항로측량/해안선측량- 해저면 탐사 및 인공어초 실태조사담당업무(내업직)- HIPS and SIPS/ Auto CAD지형현황측량. 지하시설물현장직(0명)담당업무- RTK를 이용한 현황측량- 정밀 수준측량 및 기준점측량- 초경량비행장치(UAV)를 이용한 3차원 지형도 제작- 지하시설물 조사 및 탐사관리팀(0명)담당업무- 계약관리 및 일반 행정업무- DB전산화 작업- 기술인력관리 및 교육관리- 제안서 작성 - 협회관리(공간정보산업협회, 한국해양조사협회 등)자격조건- 학력: 초대졸이상(학련무관)- 경력: 경력무관- 관련 학과 전공자 (토목공학과, 해양학과, 도시공학과, 항공학과 등)- 관련 자격증 보유자 우대 (측량및지형공간정보(산업)기사, 지적(산업)기사,정보처리(산업)기사, 측량기능사, 지도제작기능사, 등- 관련 프로그램 능숙자 (CAD, Global_mapper, QGIS, 포토샵 등)






"
21,(주)프로듀스드바이기억,신입,, 서울특별시 강남구 언주로172길 14 3층 (신사동) ,드론,광고·광고기획(AE),"


[(주)produced by ㄱ] TVCM 광고PD 신입(Line PD) 구합니다 - 인크루트 채용
















(주)프로듀스드바이기억
[(주)produced by ㄱ] TVCM 광고PD 신입(Line PD) 구합니다


프로덕션 기획실 신입/경력 모집




모집부문 및 자격요건









모집부문
담당업무
자격요건
인원




PD팀

[담당업무]광고PD / 광고제작[근무부서 및 직급/직책]근무부서: PD팀


[자격요건]경력사항: 신입/경력 Line PD학력사항: 학력무관직무기술: TVCF, 제작PD, 광고PD기타: 어도비 디자인 툴 사용 가능자

00 명





근무조건
고용형태: 정규직(수습기간3개월)근무부서: PD팀급여조건: 연봉 협의 후 결정


전형단계 및 제출서류
전형단계: 서류전형 > 면접진행 > 최종심사 > 최종합격추가 제출서류이력서, 자기소개서포트폴리오


접수방법
채용시
접수방법: 인크루트 채용시스템, 이메일접수양식: 인크루트 이력서, 자유양식


기타 유의사항

입사지원서 및 제출서류에 허위사실이 있을 경우 채용이 취소될 수 있습니다.


00










"
22,주식회사 제이티체인,경력(연차무관),"6,000~7,000"," 서울특별시 강남구 언주로130길 18 (논현동,동인빌딩) 4층 ",드론,"소프트웨어·하드웨어, 응용프로그래머, 전산·IT기술지원","


주식회사 제이티체인  개발자 / Back-end 채용공고 - 인크루트 채용
















주식회사 제이티체인
개발자 / Back-end 채용공고
(주) 제이티  체인은    서울 특별시     강 남구  논현동에   위치  하고   있으며  ,    블록  체인       솔루션  개  발과   기술    지원 ,   컨설팅 ,,   R  &  D 사업을     수행하고   있습니 다.        저희    제이티   체 인 은   블록   체인   생 태 계 를   위한   자  사 만의    독 보 적  인       컨 텐  츠  와    서  비 스 를       제 공 하 기   위해       도 약  하고   있   습  니 다.       다 수  의    블  록   체  인  의    구  축  역  량  과       탁  월  한    인  프  라 로      블  록  체  인      비 지  니 스  를    이 끌어   가는    다  목  적     B  l  o  c  k    c  h  a  i  n     B  u  s   i  n  e   s  s     A  g  e  n  c  y     '  제  이  티   체  인  '  과       함 께     블 록  체  인  의      혁  신  적  인   기  술  을     바  탕   으  로   함  께   성 장   할     인  재  를      채  용  하 고   있 으  니 ,    많  은   관 심    부  탁  드  립  니  다.   




모집부문 및 자격요건









개발자  /  Back-end







담당업무- 플랫폼 개발 및 유지보수- 다양한 블록체인 기능 연구/분석자격요건- NodeJS, NextJS 언어에 능숙하신 분 우대사항- 다양한 블록체인 기능 연구/분석  자격요건- 오픈소스 코드 분석 좋아하시는 분- 블록체인 오픈 소스 분석 경험자- AWS, Linux, Docker 사용에 능하신 분복리후생- 자사 전용 페쇄몰 이용가능 (디지털 / 가전 식품 할인가 +지원금)-건강검진 지원-여행/레저/리조트/호텔비 지원-교육/도서비 지원-경조사 (상조 및 이벤트 꽃배달 등)-피트니스 센터 비용지원-4대보험 가입-야근,휴일 근무수당-야근 교통비 지원-각종 경조금 및 경조 휴가제-조식,중식, 석식 지원  조식 8천원  중식,석식:1.2만원-명절 귀향비, 명절 선물비, 명절 보너스-연차/반차/반반차근무시간  시차근무제 (출근 시간에 맞춰 퇴근 8시간 근무, 주 40시간)- 재택근무 : 월 2회-연차 :1년이상 15개         1년미만 :1개월 만근시 다음달 1개지급-휴가: 6,7,8,9 월중 3일 사용-리프레쉬 데이  :   월1회 오전 휴무 (13시에 근무시작)                            매주 월,금 7시간 근무 (주 2시간 유급)









전형단계 및 제출서류
전형단계: 서류전형 > 면접진행 >  최종합격추가 제출서류이력서, 자기소개서


접수방법
접수방법: 인크루트 채용시스템접수양식: 인크루트 이력서


기타 유의사항

입사지원서 및 제출서류에 허위사실이 있을 경우 채용이 취소될 수 있습니다.


00










"
23,(주)프로듀스드바이기억,신입/경력(연차무관),, 서울특별시 강남구 언주로172길 14 3층 (신사동) ,드론,광고·광고기획(AE),"


[(주)produced by ㄱ] 기억에 남는 광고 만들분을 찾습니다. - 인크루트 채용

















(주)프로듀스드바이기억
[(주)produced by ㄱ] 기억에 남는 광고 만들분을 찾습니다.


프로덕션 기획실 신입/경력 모집




모집부문 및 자격요건









모집부문
담당업무
자격요건
인원




기획실(크리에이티브팀

[담당업무]브랜드 tvc 영상 기획(아이데이션)/아트/카피[근무부서 및 직급/직책]근무부서: 기획팀


[자격요건]경력사항: 신입, 경력(연차무관)학력사항: 학력무관기타: 어도비 디자인 툴 사용 가능자

00 명





근무조건
고용형태: 정규직(수습기간3개월)근무부서: 기획팀급여조건: 연봉 협의 후 결정


전형단계 및 제출서류
전형단계: 서류전형 > 면접진행 > 최종심사 > 최종합격추가 제출서류이력서, 자기소개서포트폴리오


접수방법
채용시
접수방법: 인크루트 채용시스템, 이메일접수양식: 인크루트 이력서, 자유양식


기타 유의사항

입사지원서 및 제출서류에 허위사실이 있을 경우 채용이 취소될 수 있습니다.


00










"
24,오가노이드사이언스(주),경력1년↑,," 경기도 성남시 분당구 판교로 331 5층 오가노이드사이언스(삼평동,아름방송판교사옥) ",드론,약무·제약,"


[판교]오가노이드사이언스 RA 경력 정규직 채용 - 인크루트 채용


















오가노이드사이언스(주)﻿RA 경력 정규직 채용





모집부문 및 자격요건









담당업무
자격요건
인원





[담당업무]-인허가 진행 및 관리-인허가 문서 개발, 검토 및 관리-국내/외 허가 당국 규정 및 가이드라인 파악-인허가 관련 대관 업무[근무부서 및 직급/직책]근무부서: RA팀


[자격요건]학력: 학사 이상전공: 약학, 생명과학 등 관련학과경력: 5년 이상 (senior)        - 바이오의약품 경험        - IND 신청 및 승인 경험[우대사항]- 영어권 대학졸업자 또는 영어 TC 가능 자- 글로벌 인허가 경력자

0 명





근무조건
고용형태: 정규직(수습기간3개월)근무부서: RA팀급여조건: 연봉 협의 후 결정


전형단계 및 제출서류
전형단계: 서류전형 > 면접진행 > 2차면접진행 > 최종합격추가 제출서류이력서, 자기소개서


접수방법
채용시
접수방법: 인크루트 채용시스템접수양식: 인크루트 이력서


기타 유의사항

입사지원서 및 제출서류에 허위사실이 있을 경우 채용이 취소될 수 있습니다.


00










"
25,(주)스타리치어드바이져,신입/경력(연차무관),," 서울특별시 강남구 강남대로62길 3 5층 (역삼동,한진빌딩) ",드론,"일반·법인영업, 금융·보험영업, 임원·경영분석·컨설팅","


법인영업, 경영컨설팅외 신입/경력 위촉직 채용 - 인크루트 채용

















(주)스타리치어드바이져
법인컨설팅전문가 경력 위촉직 채용공고



모집부문 및 자격요건






담당업무
자격요건
인원





[근무부서 및 직급/직책]근무부서: 법인영업팀


[자격요건]경력사항: 신입, 경력(연차무관)학력사항: 학력무관기타: 법인컨설팅 경력자 우대보험회사 경력자 우대

00 명





근무조건
고용형태: 위촉직(근무기간 협의 후 결정)근무부서: 법인영업팀인근전철역: 서울2호선 강남 (3번 출구에서 400m이내)급여조건: 건별 회사내규


전형단계 및 제출서류
전형단계: 서류전형 > 면접진행 > 최종심사 > 최종합격추가 제출서류이력서에 연락처, 희망연봉 기재제출한 서류는 일체 반환하지 않음이력서, 자기소개서서류전형, 면접전형


접수방법
상시채용
접수방법: 인크루트 채용시스템, 전화/휴대폰접수양식: 인크루트 이력서, 자유양식


  스타리치어드바이져의 차별성1) 양질의DB 제공  매주 2~3건 이상의 양질의 DB를 무료로 제공 (계약체결 후 쉐어 시스템) 받음으로써 지인영업의 한계를 탈피할 수 있습니다.2) 수준 높은 교육시스템 -체계적인 본사 신입교육 프로그램                                                                                      -매주 세무사, 법인영업 각 분야 전문가 특강                                                                          -매주 FA간 스터디를 통해 빠르게 변화하는 법인영업 시장 정보 공유                                      -매주 법인영업 선배들의 신입교육                                                                                       -비 정기적으로 특정 이슈에 대한 토요 특강 ​3) 체계적인 인센티브 제도4) 회사가 보유한 다양한 컨텐츠로 법인영업 효율 극대화~기업가정신 콘서트(한국경제TV방영) 격월로 CEO 약200여분을 고급호텔로 초청하여 인문학강의 및 정보교류의 기회제공. 모든 비용은 회사가 부담하며 현재 진대제 전 정통부장관의 사회로 행사를 진행함 ~ 한국경제TV 프로그램 “기업가정신을 말한다.”우수기업 소개프로그램으로, 기업홍보 동영상으로 업체의 마케팅 툴로 활용케 함으로써 법인영업의 강력한 무기가 될 수 있습니다.    ~ 경정청구 전문 세무그룹 “기업권익평가원”과의 제휴  법인세 신고 시 누락된 여러가지 조세특례제한법상의 감면,공제혜택을 경정청구제도를 통해 세금을 돌려받게 함으로써  치열해지는 법인시장에서 CEO들에게 다가설 수 있는 강력한 무기장착~ 국내 유명 아트갤러리와 제휴   미술시장지원을목적으로하는여러세제혜택을활용하여비용처리를통화절세의효과도누리고향후유망한투자처인미술품시장을소개함으로써법인영업시장에서차별화  ~스타리치북스출판사  중소기업 대표님들의 전문분야 노하우, 자서전, 경영철학서 등을 출간   ~ VIP고객 초청 골프행사 및 CEO골프최고위과정~ CEO초청 해외탐방 프로그램~사단법인 글로벌기업가정신협회중소기업 대표님들을 위한 비영리단체 설립운영(주)스타리치어드바이져     서울 강남구 강남대로62길 3서울본부 박상헌지점장***-****-****
   	












"
26,에디션M,신입/경력(연차무관),,서울특별시 종로구 대학로11길 17-2 (명륜4가) 1층   ,드론,요리·조리·제과·제빵,"


제과·제빵사, 양식조리사 신입/경력  채용 - 인크루트 채용













에디션 M (Myeongnyun﻿)제과·제빵사, 양식조리사 신입/경력  채용  (주)메종 드 피폴라  프로젝트의 시작  신상 대형  한옥 카페로 오픈 후 일주일만에 대학로 핫풀로 등극한 비전있는 일터에서 파티셰을 모십니다.

모집부문 및 자격요건









모집부문
담당업무
자격요건
인원




제과제빵사 파티셰

[담당업무]카페 디저트 생산과 레시피 작업전반적인 베이킹 관련 업무와 교육 발주 및 신메뉴 개발 관련 업무입니다.


[자격요건]경력사항: 신입, 경력(연차무관)학력사항:        관련학과 졸업 자격증 소지직무기술: 제과제빵사, 파티시에       아이싱 가능하신 분       관련 포트폴리오 제출 우대      

0 명





근무조건
고용형태: 정규직(수습기간1개월), 계약직(근무기간 협의 후 결정), 알바(근무기간 협의 후 결정)알바 근무시간근무요일: 협의근무시간: 협의급여조건: 연봉 협의 후 결정


전형단계 및 제출서류
전형단계: 서류전형 > 면접진행 > 최종심사 > 최종합격추가 제출서류이력서, 자기소개서포트폴리오


접수방법
접수방법: 인크루트 채용시스템접수양식: 인크루트 이력서


기타 유의사항

입사지원서 및 제출서류에 허위사실이 있을 경우 채용이 취소될 수 있습니다.


00










"
27,네오타이드코리아,신입/경력(연차무관),," 서울 금천구 금하로 763 205호- (시흥동,벽산중심상가)   ",드론,"웹디자인, 광고·CG·시각디자인","


웹디자인, 시각디자인 신입/경력 정규직, 계약직 채용 - 인크루트 채용
















네오타이드코리아
국내외 온라인 판매페이지 디자이너 채용



모집부문 및 자격요건






담당업무
자격요건
인원





[담당업무]▷ 국내외 판매플랫폼 내상품 판매페이지 디자인 - 상품 상세페이지 제작- 상품리스팅- 상품리스트 관리- 프로모션 홍보 이미지 제작 및 관리 (배너, SNS 광고이미지 등)[근무부서 및 직급/직책]근무부서: 디자인팀직급/직책: 팀원, 사원


[자격요건]경력사항: 신입, 경력(연차무관)학력사항: 고등학교졸업 이상직무기술: 광고디자인, 웹디자인, 웹디자이너, 디자인팀, 판매팀

0 명(상시채용)





근무조건
고용형태: 정규직(수습기간3개월), 계약직(근무기간 1년, 수습기간 3개월)근무부서: 디자인팀급여조건: 월급 협의 후 결정 ( 월 230만원~250만원이상)


전형단계 및 제출서류
전형단계: 서류전형 > 면접진행 > 최종심사 > 최종합격추가 제출서류이력서, 자기소개서포트폴리오 (*선택사항)


접수방법
상시채용
접수방법: 인크루트 채용시스템접수양식: 인크루트 이력서


기타 유의사항

입사지원서 및 제출서류에 허위사실이 있을 경우 채용이 취소될 수 있습니다.














"
28,산수음료(주),경력10년↑,,(137-130) 서울 서초구 양재동 강남대로 30길66 산수빌딩 7층 산수빌딩 ,드론,마케팅,"


BX팀 브랜드마케터(경력/부장급) - 인크루트 채용













산수음료(주)BX팀 브랜드마케터(경력/부장급)우리 회사를 한 줄로 표현해주세요먹는 샘물 전문 제조기업인 산수음료(주)는 1984년 설립 이후 자연 그대로의 순수한 물과자연의 가치를 제품에 담아, 소중한 자연을 살리는 일에 앞장서고 있습니다. 2020년 친환경 전략을 강화하기 위해 통합 브랜드 i'meco를 론칭했으며 생수 판매 외에도 친환경 서비스를 론칭하여 지속 가능한 사회를 만들기 위해 다양한 실천을 이어가고 있습니다. BX(Brand eXperience)팀은 아임에코의 제품, 서비스, 마케팅 등 브랜드를 마주하는 모든 영역에서 소비자와 고객사에게 일관된 경험을 전달할 수 있는 다채로운 업무를 진행하고 있습니다. 친환경 브랜드 아임에코 BX팀의 팀원이 되어 주실 분들의 많은 관심과 지원 부탁드립니다.

모집부문 및 자격요건









담당업무
자격요건
인원




ㆍIMC 기반의 통합 마케팅ㆍ데이터 분석을 통한 마케팅 전략 수립ㆍSales 프로모션 기획(B2B)ㆍ페스티벌 스폰서십, 제휴 마케팅ㆍ브랜디드콘텐츠 기획ㆍ보도자료 작성ㆍ다회용기 서비스 운영ㆍ에이전시 운영관리

[스킬]ㆍMicrosoft Office[자격요건]ㆍ학력 : 대졸이상ㆍ경력 : 10 ~ 15년ㆍ제안서 작성 가능하신분(MS OFFICE)ㆍ브랜드, 마케팅, 트렌드 변화에 관심 많은 분ㆍ열정적인 마인드와 창의적인 아이디어 소유자ㆍ 포트폴리오 제출 필수ㆍ 자기소개서 내 지원동기 작성 필수ㆍ 유연한 사고의 커뮤니케이션 스킬 및 태도우수자ㆍ 남자의 경우 병역 또는 면제자ㆍ 해외여행에 결격사유가 없는 자[인재상]ㆍ자기주도적 성장에 대한 열정이 있으신 분ㆍ창의적이고 도전적이신 분ㆍ자연과 환경보호에 관심이 있으신 분[제출서류]ㆍ이력서, 자기소개서, 포트폴리오ㆍ졸업증명서, 최종 학교 성적증명서, 공인시험 및 기타 자격증 사본(소지자에 한함)※ 유의사항 : 입사 지원 서류에 허위 사실이 발견될 경우, 채용 확정 이후라도 채용이 취소될 수 있습니다.[우대조건]ㆍF&B 관련 경력자ㆍ유관 업무 경험자
1 명





근무조건
고용 형태 : 정규직(수습 3개월)근무 지역 : 서울 서초구근무 요일/시간 : 주5일(월~금) | 08:30 ~ 17:30


복지 및 혜택취미/레저활동 지원 : 동호회별 활동비 100만원 한도 지원생일축하 선물 : 5만원 상당의 상품권 지급근로자의 날 : 근로자의 날 휴무샌드위치 연차 : 징검다리 휴일, 연휴 다음/전달 연차 차감하여 직원의 휴식 보장경조 및 장례용품 지원 : 경조사비 내규에 따라 지원연차, 반차, 휴가제도 운영 : 이유를 묻지않는 자유로운 연차 사용명절선물 제공 : 명절 및 근로자의 날 선물 제공콘도. 리조트 이용권 : 콘도, 리조트 이용 가능전형단계
서류전형 > 1차 실무진 면접 > 2차 임원 면접 > 최종합격면접일정은 추후 통보됩니다.


기타 유의사항

입사지원서 및 제출서류에 허위사실이 있을 경우 채용이 취소될 수 있습니다.


00










"
29,오가노이드사이언스(주),경력1년↑,," 경기도 성남시 분당구 판교로 331 5층 오가노이드사이언스(삼평동,아름방송판교사옥) ",드론,약무·제약,"


[판교]오가노이드사이언스 CRA 경력 정규직 채용 - 인크루트 채용

















오가노이드사이언스(주)
CRA 경력 정규직 채용




모집부문 및 자격요건









담당업무
자격요건
인원





[담당업무]-임상시험 계획 수립 및 수행-임상시험 일정 및 예산 관리-연구자 선정 및 임상시험실시 기관 관리-CRO 및 Vendor 선정 및 관리-실사 및 점검 관리-SOP 개발/개정/관리


[자격요건]경력사항: 경력(1년 이상 )               - 바이오의약품 개발 경험               - 허가용 임상시험 경험자               - 임상시험 1상 경험자학력사항: 대학교(4년)졸업 이상직무기술: 임상, 임상시험, 임상병리사, 생명과학[우대사항]전공계열: 약학, 간호학, 생물학, 임상병리학 등 관련 학과

0 명





근무조건
고용형태: 정규직(수습기간3개월)근무부서: 임상팀급여조건: 연봉 협의 후 결정


전형단계 및 제출서류
전형단계: 서류전형 > 1차면접진행 > 2차면접진행 > 최종합격추가 제출서류이력서, 자기소개서


접수방법
채용시
접수방법: 인크루트 채용시스템접수양식: 인크루트 이력서


기타 유의사항

입사지원서 및 제출서류에 허위사실이 있을 경우 채용이 취소될 수 있습니다.


00










"
30,(주)봄날,경력1년↑,"2,500~3,000"," 서울특별시 금천구 가산디지털2로 70 (가산동,대륭테크노타운19차) ",드론,"방송제작·연출·촬영·기자, 작가·문화·예술·창작","


연출(PD), VR · AR 감독(연출자, PD) 경력 정규직 채용 - 인크루트 채용
















(주)스튜디오에스오아이
연출(PD), VR · AR 감독(연출자, PD) 경력 정규직 채용



모집부문 및 자격요건






담당업무
자격요건
인원





[담당업무]광고, 라이브커머스, 홍보영상 관련 기획, 촬영, 가편 하실 수 있는 PD분 모집합니다. [근무부서 및 직급/직책]근무부서: 영상제작팀직급/직책: 사원


[자격요건]경력사항: 경력(1년 이상 )학력사항: 고등학교졸업 이상직무기술: 촬영, 편집PD, 기획, 촬영PD, 영상PD, 광고PD, 제작PD[우대사항]우대사항: 차량소지자, 운전가능자

1 명





근무조건
고용형태: 정규직(수습기간3개월)근무부서: 영상제작팀급여조건: 연봉 2500 ~ 3000 만원


전형단계 및 제출서류
전형단계: 서류전형 > 면접진행 > 최종심사 > 최종합격추가 제출서류이력서, 자기소개서  - 사진, 연락처 필히 기재! 드론 자격증 소지, 촬영도 가능하신분이면 좋겠습니다.


접수방법
상시채용
접수방법: 인크루트 채용시스템접수양식: 인크루트 이력서, 자유양식


기타 유의사항

입사지원서 및 제출서류에 허위사실이 있을 경우 채용이 취소될 수 있습니다.














"
31,휴머니스트,신입/경력(연차무관),, 서울특별시 송파구 송파대로 366-9 (송파동) 4층 (주)휴머니스트 ,드론,"판매, 매장관리","


[연2948만(챌린지보너스포함)] 자라(ZARA Retail Korea) 전국 매장 판매사원 채용(신입가능) - 인크루트 채용
















 

[채용대행_본사소속]
INDITEX KOREA 대규모 채용

Inditex Group은 세계 최대 Fashion 유통업체들 중 가장 높은 성장을 보이고 있는
스페인 소재 기업으로서 88개국에 7천개 가까운 점포를 개발 운영하고 있는 기업입니다.
ZARA Retail Korea는 2006년 10월 법인 설립 이래 2008년 4월 29일 영플라자와 코엑스에
동시에 첫 런칭 후, 성공적으로 운영해오고 있으며 2011년 8월 Bershka, Stradivarius,
Pull and Bear를 한국에 처음으로 상륙시킨 패션회사입니다.
그리고 2014년 12월 ZARA Home(자라홈) 오픈을 하였으며 전국적으로 지속적인 매장
확대를 진행하고 있습니다. 또한 2015년 하반기 Oysho(오이쇼)를 오픈하였습니다.

 
1. 모집부문



브 랜 드 명
모 집 부 문
담 당 업 무
지 원 자 격




- ZARA
			- Massimo Dutti
			- ZARA Home
			- OYSHO
SA
			(Sales Assistant)
- 매장 내 상품진열
			- 고객 응대 및 공간 정리
			- 재고 관리 및 피팅룸 정리
			- 제품 보관 및 손질
- 고졸 이상, 성별무관 (신입가능)
			- 남성은 군필자 혹은 면제자
			- 패션에 관심이 많은 분
			- 서비스 마인드 소유자


CA
			(Cashier)
- 현금 자금관리 및 분실방지
			- 환불금, 환수금 확인


SACA
			(Sales Assistant
			&Cashier)
- 매장 내 상품진열
			- 고객 응대 및 공간 정리
			- 재고 관리 및 피팅룸 정리
			- 제품 보관 및 손질
			- 현금 자금관리 및 분실방지
			- 환불금, 환수금 확인


Assistant
			Manager
- 일간/주간/월간 직원 스케쥴 관리
			- 매장 관리 및 재고 관리
			- 매장직원 인사업무 관리 및 교육
			- 매출 판매분석 및 상품 발주
			- 고객 컴플레인 해결
- 성별 무관
			- 영어회화 가능자
- (원활한 커뮤니케이션 가능)
			- 최소 3년 이상 매니저 경력자
			- 직원 트레이닝 및 직원 관리 경험자


Operation
			Assistant
- 물류창고 관리 및 재고파악
			- 재고관리 및 상품 적재
			- 상품재고와 관련된 수치분석
			- Floor와 stock간의 상품흐름 담당
			- 고객의 상품문의 응대
			- 전반적인 매장의 상품 운용/배치/오더
- 체력에 자신있으신 분
			- 커뮤니케이션, 협동심,
- 재고관리 능력에 탁월한 분
			- 패션에 관심이 많고 감각 보유자
			- 숫자감각 보유한 분



 
2. 근무조건



근 무 시 간
- 주 5일(주말 포함), 일일 8시간 근무
			- 총3~4개의 Shift로 스케줄 근무 (고정 및 선택 불가/ 상황에 따른 스케줄 변경됨.)


급 여 조 건
- 회사 내규에 따름 (패션 업계 최고 수준)
			- 매장 매출 기여도에 따른 커미션 지급(근무한 날의 매출 및 본인 근무일수에 따라 변동)
			- 승진/진급시 급여 인상


소 속 기 관
- Inditex Group 자라 리테일 코리아 소속


복리후생
- 4대 보험, 퇴직금, 유니폼 지급, 직원 할인카드(입사후 3개월 이후 발급) 등



 
3. 모집지점



지 역
매 장




서 울
명동 : 눈스퀘어점
			삼성 : 코엑스몰점
			서초 : 강남점
			신사 : 가로수길점
			잠실 : 월드타워점
			영등포 : 롯데 영등포점 | 타임스퀘어점
			용산 : 아이파크몰점
			서울역 : 서울역점
			노원 : 롯데 노원점
			여의도 : IFC몰(리뉴얼 중 5월 오픈 예정)
			신도림 : 디큐브시티
			김포공항 : 스카이파크점
			하남 : 스타필드점


일 산
대화동 : 원마운트점
			동산동 : 고양스타필드점


부 천
중동 : 롯데 중동점


인 천 
동춘동 : 스퀘어원점
			송도 : 트리플스트리트몰


분 당
서현동 : 서현점


용 인
성복동 : 롯데몰 수지점


수 원
서둔동 : 롯데몰 수원점


안 성
공도읍 : 안성 스타필드


청 주
복대동 : 지웰시티몰2점


울 산
삼산동 : 롯데 울산점


창 원
상남동 : 롯데 창원점


부 산
우동 : 센텀시티점
			부전동 : 로드샵 서면
			장전동 : 부산대점
			중앙동 : 롯데 광복점


광 주
충장로 : 충장로점


대 구
봉무동 : 롯데아울렛 이시아폴리스(봉무점)
			동성로 : 동성로점


대 전
둔산동 : 갤러리아 타임월드점



 
4. 지원방법

제 출 서 류 : Inditex Group 입사지원서 [다운로드] 접수 또는, 채용사이트 내 이력서
제 출 방 법 : Inditex Group 입사지원서 작성 후, 파일을 첨부하여
제 출 방 법 : recruit@humanest.co.kr******@*******.***로 이메일 발송, 제출 또는, 온라인 입사 지원


입사지원서 다운로드

 
5. 전형절차

서류접수 → 1차 면접 → 최종 면접(자라 리테일 코리아 본사)

 
6. 지원문의

전화문의 : ***-****-****
이메일 문의 : recruit@humanest.co.kr******@*******.***








"
32,(주)프리뉴,경력1년↑,," 경기도 안산시 단원구 산단로 325 (신길동,리드 스마트스퀘어 지식산업센터) F-501호 ~ 503호 ",드론,"연구원·연구개발, 원자력·우주·조선·철강","


(주)프리뉴 무인항공기 설계 경력직 채용 - 인크루트 채용


















(주) 프리뉴 기업부설연구소 무인항공기 설계 경력직 채용





모집부문 및 자격요건









모집부문
담당업무
자격요건
인원




                    무인항공기 설계

[담당업무]- 기구 설계, 멀티콥터 설계, 지상상비 설계[근무부서 및 직급/직책]근무부서: 기업부설연구소 


[자격요건]-필수사항- 경력사항: 경력 1년 이상- 가공품 및 기구품 설계 2~3년차 이상- 기계 도면 해독 및 작성 능력- Auto CAD, UG NX, Solidworks-기계공학, 자동차공학, 항공우주공학[우대사항]- 드론 관련 경험- Ansys 해석(구조 해석)- 일반기계기사- 기초 전기 & 전자적 지식

0 명





근무조건
고용형태: 정규직(수습기간3개월)근무지역: (15426) 경기 안산시 단원구 산단로 325 리드 스마트스퀘어 지식산업센터 513, 514호(신길동) 급여조건: 연봉 협의 후 결정


전형단계 및 제출서류
전형단계: 서류전형 > 면접진행 > 2차면접진행 > 최종합격추가 제출서류이력서, 자기소개서


접수방법
채용시
접수방법: 인크루트 채용시스템접수양식: 인크루트 이력서


기타 유의사항

입사지원서 및 제출서류에 허위사실이 있을 경우 채용이 취소될 수 있습니다.


00










"
33,(주)프리뉴,경력3~10년,," 경기도 안산시 단원구 산단로 325 (신길동,리드 스마트스퀘어 지식산업센터) F-501호 ~ 503호 ",드론,"연구원·연구개발, IT·문화·직업강사","


[(주)프리뉴] 기업부설연구소 SW개발 신입/경력직 채용 - 인크루트 채용


















(주) 프리뉴 기업부설연구소 SW개발 신입/경력직 채용





모집부문 및 자격요건









모집부문
담당업무
자격요건
인원




                    SW개발

[담당업무]- 드론관제 솔루션의 Application S/W 개발   - 드론의 임무장치 제어 기능 개발[근무부서 및 직급/직책]근무부서: 기업부설연구소 


[자격요건]- C/C++,C#, Java 개발 언어 중 하나 이상 경험자- 컴퓨터공학 관련 전공자- 윈도우 프로그램 개발 경험자(3년내)[우대사항]- Winform, WPF, MFC 등 윈도우프로그램 개발 경험자- Qt, PyQt 개발 경험자- 드론 관제 S/W 관련 개발경험- Open Source Project 사용/기여 경험자- 새로운 개발언어 및 기술습득에 두려움이 없으신 분- 무인드론/UAV 개발 관련 관심자

0 명





근무조건
고용형태: 정규직(수습기간3개월)근무지역: (15426) 경기 안산시 단원구 산단로 325 리드 스마트스퀘어 지식산업센터 513, 514호(신길동) 급여조건: 연봉 협의 후 결정


전형단계 및 제출서류
전형단계: 서류전형 > 면접진행 > 2차면접진행 > 최종합격추가 제출서류이력서, 자기소개서


접수방법
채용시
접수방법: 인크루트 채용시스템접수양식: 인크루트 이력서


기타 유의사항

입사지원서 및 제출서류에 허위사실이 있을 경우 채용이 취소될 수 있습니다.


00










"
34,(주)자이드물류,신입,"3,000~3,500","인천광역시 서구 청라루비로 93 309호 (청라동,루비타워)   ",드론,운송·물류,"


(수습 후 재택근무) 화물 배차 신입  채용 - 인크루트 채용
















우리 회사를 한 줄로 표현해주세요
(주)자이드물류
(수습 후 재택근무) 화물 배차 신입  채용





모집부문 및 자격요건









모집부문
담당업무
자격요건
인원




배차담당

[담당업무]크게 화주(화물 주인)과 차주(차량 주인)를 연결하는 작업을 합니다. 화주로부터의 운송 요청이 접수되면 화물 배차 어플을 활용하여 적절한 차주를 찾아 둘 간의 연결을 성사시킵니다.중간중간 문제가 발생하면 화주-차주 사이에서 조율해야 합니다.[근무부서 및 직급/직책]직급/직책: 사원, 팀원


[자격요건]경력사항: 신입학력사항: 학력무관

2 명





근무조건
고용형태: 정규직(수습기간3개월)급여조건: 연봉 3,000 ~ 3,500 만원


전형단계 및 제출서류
전형단계: 서류전형 > 면접진행 > 최종심사 > 최종합격추가 제출서류이력서, 자기소개서직무적성검사결과


접수방법
2024-01-31 (일) 23시59분까지
접수방법: 인크루트 채용시스템접수양식: 인크루트 이력서


기타 유의사항

입사지원서 및 제출서류에 허위사실이 있을 경우 채용이 취소될 수 있습니다.


 근무 시간 사전 안내  (주간) 일요일부터 목요일까지 주 5일, 새벽 5시 ~ 오후 3시 근무 (야간) 화요일부터 토요일까지 주 5일 오후 3시 ~ 새벽 1시 근무근무 시간은 분기별로 근무자 간에 변경될 수 있습니다.  수습 안내  수습 기간 중에는 '경기도 김포시 김포한강10로133번길 107, 디원시티시그니처 지식산업센터 B동 619호'로 출근이 필요하며, 수습 완료 이후에는 재택 근무로 전환됩니다. 수습 기간 중에는 수요일부터 일요일까지 아침 8시에 출근하여 오후 3시에 퇴근할 예정입니다. 00










"
35,(주)지알엔,신입/경력(연차무관),,"서울특별시 성동구 왕십리로 58 2층 215호 (성수동1가,포휴) ",드론,"멀티미디어(동영상·음향), 작가·문화·예술·창작, 방송제작·연출·촬영·기자","


2024년도 (주)지알엔(지무비) 직원 채용공고 - 인크루트 채용
















우리 회사를 한 줄로 표현해주세요
우리 회사에 대해 4줄 이내로 소개해주세요

2024년도 (주)지알엔(지무비) 직원 채용공고㈜지알엔(GRN)은 유튜브 지무비, 숏뭅 콘텐츠 제작 및 채널 운영사업을 하고 있습니다.모집부문 및 주요 업무









모집부문
담당업무
자격요건
인원




영상기획편집자

[주요업무]- 지무비 모든 업무 보조 & 공동 작업 / 부채널 영상 컨텐츠 제작  (시작은 부채널 영상 제작 업무 위주, 지무비 자막 작업 등의 보조 업무로 시작되며,   추후 본인의 역량에 따라 지무비 영상 제작 업무를 맡을 수도 있습니다)- 기획 및 구성, 영상 편집, 사무 업무 등- 유튜브 운영을 위해 수행하는 대부분 업무를 함께 분담합니다.   단, 본인의 스타일과 역량에 따라 업무의 성격은 조정해 갈 예정입니다.   (G리는 시리즈, 영화 리뷰 등)


[자격요건]경력사항: 신입, 경력(연차무관)학력사항: 학력무관직무기술 : Premiere Pro CC세부사항 : 하단 자격 요건 참고

0 명

 작가  [주요업무]- 지무비 채널 컨텐츠 관련 대본 초안 작업  (주로 G리는 시리즈 자료 조사 및 대본 초안 작성을 진행할 예정입니다.)   [자격요건]경력사항: 신입, 경력(연차무관)학력사항: 학력무관세부사항 : 하단 자격 요건 참고 0 명



자격요건  - 20세 이상 성인, 남자는 병역필 또는 면제자, 학생은 기졸업자 및 졸업예정자  - 자료수집과 아이디어 기획, 글 구성 능력이 뛰어난 분  - Premiere Pro CC 사용이 가능한 분    (작가로 지원하실 경우 무관하나 추후 기본적인 배치 작업정도는 배우셔야 할 수 있습니다.)   - 평소 영화, 드라마 그리고 유튜브 컨텐츠를 즐겨보시며 유튜브에 대한 이해도가 있는 분  - 서울(서울 숲 역 도보 30초) 출퇴근 가능한 분  - 업무 특성상 지속적인 피드백과 수정 작업이 요구됩니다.이를 받아들이고 함께 성장하는데 긍정적인 분과 함께 하고 싶습니다.우대사항 (우대사항일 뿐, 필수는 아닙니다.)   - 평소 지무비 채널을 즐겨보고 편집 스타일을 잘 아는 분   - 콘텐츠 기획 및 구성 업무 경험이 있는 분(해당하는 분은 포트폴리오 제출 필수)   - 유머 감각과 센스가 뛰어난 분   - 기타 영화 매거진이나 영화 관련 산업 경력자   - 영화, 드라마에 대한 관심과 애정이 충만한 분   - 영어 사이트에서 정보 수집이 가능한 분근무조건 및 근무 환경
영상 기획 편집자 : 수습 기간 후(계약직 3개월 근무) 정규직 전환 심사.작가 : 프리랜서로 겸직 가능합니다.(건당 지급으로 진행하며 시스템상 가능 여부 체크 후 정규직 제안이 들어갈 수 있습니다.                                                                                          물론 작가 분이 거절한다면 기존 프리랜서 형태로 계속 진행 가능합니다.)근무 요일 : 주 5일근무 형태 : 출근제로 운영되며, 필요 시 재택 근무 (근무지 : 서울숲 역 도보 30초)* 프리랜서 작가는 재택으로 진행됩니다.탄력 근무제 적용 : 오전 7시~오전 11시 사이 자율 출근하여 8시간 근무 후 자율 퇴근합니다.야근은 지양하며, 마감 일정이 임박하지 않은 이상 칼퇴근을 지향합니다.*야근 시 초과 근무 수당, 기본급 시급의 150% 지급합니다.연차, 사대보험, 명절 선물, 자율 복장, 경조금, 생일 포상 등회식은 거의 하지 않지만, 진행 시 일과 시간 내 시작하며 퇴근 시간에 종료됩니다.급여   - 영상 편집 기획자 : 기본급 + 인센티브 매달 별도 지급(세부 사항 : 해당 링크(https://bit.ly/34JPoxO)에서 확인해 주시기 바랍니다.)   - 프리랜서 작가 : 건당 페이 지급+ 조회수 기반 성과급 지급


전형절차
영상 편집 기획자 : 서류전형 > 실무과제(비용 지급) > 면접전형 > 최종합격프리랜서 작가 : 서류전형 > 면접전형 > 최종합격상기 모든 일정은 2월 16일 이전 완료됩니다. 첫 출근은 2월 19일을 목표로 하고 있습니다.*프리랜서 작가는 재택 근무입니다.접수 기간 및 방법   - 접수 기간 : 2024년 1월 16일(화) 18:00 ~ 2024년 2월 4일(일) 24:00 까지   - 접수 방법 : 해당 링크(https://bit.ly/34JPoxO)에 접속하여  서류 전형 양식 기재 후 제출

기타 유의사항

※ 서류전형 결과 발표 서류전형 합격자에 한해 개별 연락 & 실무 과제 부여 (이메일+문자 발송 예정) 00










"
36,(주)썬에듀파트너스,신입/경력1년미만,"3,000~7,000", 경기 수원시 영통구 태장로54번길 92 (망포동)303호 ,드론,"IT·문화·직업강사, 교사","


급구-이마트문화센타(분당,구성,수원,동탄,안성지역)강사모집 - 인크루트 채용















(주)썬에듀파트너스(분당,구성,수원,동탄,안성지역)




모집부문 및 자격요건






담당업무
자격요건
인원





[담당업무]도레미팡팡 문화센타 강사(주)썬에듀파트너스에서 만든 문화센터 프로그램 도레미팡팡은 이마트문화센터 PL 강좌로 6개월~36개월의 영유아를 대상의 고품격 음악프로그램입니다. 항상 밝고 긍정적이며, 아이들을 사랑과 성실로 가르치실 강사님들의 많은 지원 부탁드립니다.영유아 전문 음악 프로그램 전문 문화센터 강사[근무부서 및 직급/직책]직급/직책: 임시직/프리랜서


[자격요건]- 경력사항: 무관, 경력자환영- 학력사항: 대학(2,3년)졸업- 기타 우대조건 : 음악교육, 유아교육, 보육과, 유아음악관련   졸업자, 방문교육, 뮤직가튼, 유리드믹스, 뮤직팡팡등 경력자   우대​- 영.유아  수업에 자신이 있으신분, 문화센터 강사 경력자 - 필수조건 : 자차 소지자

00 명





근무조건
● 근무조건- 출 강 일: 월요일~금요일 - 출강 시간: 10시~18시 사이 평균 5시간정도를 근무 - 출 강 지:  : 이마트 전국 권역별(경기지역) 문화센터, 배정 받은 센터로 바로 출근    (현지 문화센터 출퇴근으로 자유로운 시간 활용 가능)- 수업 시간: 1회 40분 수업- 본사 모임: 회의, 교육, 교구 교체로 사무실은 주 1회※ 출강일은 주중 희망 요일을 선택하여 진행하실 수 있으며, 스케줄이나 출강지 등 사전 충분한 협의를 통해 진행됩니다. 


전형단계 및 제출서류
전형단계: 서류전형 > 면접진행 > 최종합격추가 제출서류이력서(양식 첨부, 사진 필수, 연락처 필수), 자기소개서(접수된 서류는 일체 반환되지 않습니다.)접수방법: 인크루트 채용시스템, 이메일접수양식: 인크루트 이력서, 자유양식

기타 유의사항

입사지원서 및 제출서류에 허위사실이 있을 경우 채용이 취소될 수 있습니다.














"
37,COAD,신입/경력(연차무관),"5,000~5,000", 경기도 화성시 남양읍 현대기아로 202-37 코아드 ,드론,"생산관리, 생산·조립·가공·포장·검품, 전기·전자·통신기능, 고객상담·관리·수퍼바이저, 기계·금속·재료, 연구원·연구개발, 시설·환경·안전·플랜트, 설치·수리·정비·A/S , 매장관리, 투자·분석·증권·외환, 영업관리·영업지원, 일반사무·사무지원, 구매·자재","


[2024 코아드 기술센터 인재채용] - 인크루트 채용






































2024 Recruit COAD 
Ne 
Hiring Now 
코아드 기술센터 2024년 년 상반기 신입/경력 인재채용 
코아드와 
방학도 있고 
함께해요! 주4일만 일하는데 
초봉 5000만원?? 
코아드와 함께 성장하고 함께 놀 
꿈과 열정이 있는 지원자를 모집합니다. 
서류접수: 2024. 10 29 
입사일:2024. 3.11 (예정) 
코아드는 어떤 회사인가요? 
ABOUT 
COAD 
코아드는 국내자동문 브랜드1위기업입니다. 
코아드는 현재 대전, 대구, 전남 등 국내8개 직영지사및 
베트남, 인도네시아, 일본 등 5개국 현지 법인, 공장 을 운영하며 
국내외 자동문 토탈 솔루션을 제공합니다. 
자동문의교수 
유리자동문은 자 회사 
'자동문의고수' 플랫폼을 
운영중입니다. 
S H 
코아드는 이렇게 일해요 
주4일제 + 초봉 5000만원 + 복지 혜택 
월화수목토토일 
주4일제! 
(※ 3~10월: 주4일) 
(※11~2월 : 주5일) 
수군.. 
월160받겠지 
주4일제일하면 
월급깎는거아냐? 
연봉이중요하지? 
적게일하니까 연봉이 적을까 걱정 ? 
설마급여도80%? 
그래서얼마받는데 
4일 일해도 든든한 급여! 
초봉 5000만원 
(※기본급4,160만원 + 축하금 600만원+복지카드) 
끝이 아니다! 
연 1회성과급지급 
지급액 제한 없는 무제한 인센티브! 
JTBC 뉴스로 확인하세요! 
COAD YOUTUBE 
E A M E G N E E R 
기술센터 엔지니어 
채용공고 
JOB OPENINGS 
담당업무 및 자격요건 
담당업무 자동문 제조 및 생산 자동문 시공및 고객지원 
신입/경력무관 
운전면허1종 보통 소지자 
자격요건 
국 외 출장가능자 
관련학과 전공자(경력무관) 
- 제조 및 시공 경험자 
-용접 자격증 보유자 
우대사항 
- 절곡장비 사용 가능자 
-태국/인도네시 |아/베트남어 가능자및파견가능자 
무슨기일을 하나요? 
2년차팀장 기술센터 V-log 
Vlog 
초보자도 국내 최고자동문 전문가로성장! 
실무에집중한이론, 술교육으로인재양성 
이론교육 기술교육 
작업및기술에대한 제조/시공/AS현장기술을 배워 
이론교육을 진행합니다. 분야별 전문가로 성장합니다. 
근무형태 정규직 (3개월 수습기간 적용) 
NGCONDITIONS 근무요일 주4일 (기본월~목) 
근무조건 근무시간 유연근무제 
급여 초봉5000만원+@ 
근무지 본사(경기 화성) 
대구지사 
대전지사(청주) 
호남지사(나주) 
PROCESS 
접수기간및 전형절차 
접수기간 2024년1월10일(수) ~2024년2월29일(목) (24시 마감 
(※이력서 양식 자사양식 
888 
서류합격발표 1차면접 2차면접 최종선발공지 
2024.3.4(월) 2024.3.6(수) 2024.3.7(목) 2024.3.7(목) 
[처우/복지] 한눈에정리하는코아드복지 
자세한 내용 보러가기 
코아드 복리후생 
주4일제 2년마다 16일 
자율출퇴근제 
리프레쉬 휴가 
초봉 5,000만원 열심히한만큼 
(1년 미만4,1 60만원 축하금600만원 인센티브제공 
템 
기여도, 실적에 따른 능력과 공정한 평 가에 따른 
성과보상, 진급, 연봉협상 체계적인사평가시스템 
업계최고 연봉에 보너스까지 
복지카드 연간240만원지급 
생일축하금상품권지급 
성과급지급(연 1회) 
함께 성장해가요 
-정년폐지 
- 장기근속자 포상제도 
-우수사원포상제도 
온가족이 맘편히 행복하게 
-전 종합건강검진 제공 
-가족생계급여 
-경조사지원(경조휴가,경조금지원) 
출산휴가/육아휴직/단측근무/출산축하금 
명절선물지급 
제주도 별장(+차량) 무상지원 
자세한내용은 코아드홈페이지를참고해주세요. 
doc com/careers-03 







"
38,(주)썬에듀파트너스,신입/경력1년미만,"3,000~7,000", 경기 수원시 영통구 태장로54번길 92 (망포동)303호 ,드론,"IT·문화·직업강사, 교사","


이마트문화센타(경기남부/천안/아산/평택)강사모집 - 인크루트 채용















이마트문화센타 도레미팡팡강사 모집(경기남부/평택/아산/천안지역)




모집부문 및 자격요건






담당업무
자격요건
인원





[담당업무]도레미팡팡 문화센타 강사(주)썬에듀파트너스에서 만든 문화센터 프로그램 도레미팡팡은 이마트문화센터 PL 강좌로 6개월~36개월의 영유아를 대상의 고품격 음악프로그램입니다. 항상 밝고 긍정적이며, 아이들을 사랑과 성실로 가르치실 강사님들의 많은 지원 부탁드립니다.영유아 전문 음악 프로그램 전문 문화센터 강사[근무부서 및 직급/직책]직급/직책: 임시직/프리랜서


[자격요건]- 경력사항: 무관, 경력자환영- 학력사항: 대학(2,3년)졸업- 기타 우대조건 : 음악교육, 유아교육, 보육과, 유아음악관련   졸업자, 방문교육, 뮤직가튼, 유리드믹스, 뮤직팡팡등 경력자   우대​- 영.유아  수업에 자신이 있으신분, 문화센터 강사 경력자 - 필수조건 : 자차 소지자

00 명





근무조건
● 근무조건- 출 강 일: 월요일~금요일 - 출강 시간: 10시~17시 사이 평균 5시간정도를 근무 - 출 강 지:  : 이마트 전국 권역별(경기남부/천안/아산/평택지역) 문화센터, 배정 받은 센터로 바로 출근    (현지 문화센터 출퇴근으로 자유로운 시간 활용 가능)- 수업 시간: 1회 40분 수업- 본사 모임: 회의, 교육, 교구 교체로 사무실은 주 1회※ 출강일은 주중 희망 요일을 선택하여 진행하실 수 있으며, 스케줄이나 출강지 등 사전 충분한 협의를 통해 진행됩니다. 


전형단계 및 제출서류
전형단계: 서류전형 > 면접진행 > 최종합격추가 제출서류이력서(양식 첨부, 사진 필수, 연락처 필수), 자기소개서(접수된 서류는 일체 반환되지 않습니다.)접수방법: 인크루트 채용시스템, 이메일접수양식: 인크루트 이력서, 자유양식

기타 유의사항

입사지원서 및 제출서류에 허위사실이 있을 경우 채용이 취소될 수 있습니다.














"
39,COAD,신입/경력(연차무관),"5,000~5,000", 경기도 화성시 남양읍 현대기아로 202-37 코아드 ,드론,"생산관리, 생산·조립·가공·포장·검품, 전기·전자·통신기능, 고객상담·관리·수퍼바이저, 기계·금속·재료, 연구원·연구개발, 시설·환경·안전·플랜트, 설치·수리·정비·A/S , 매장관리, 투자·분석·증권·외환, 영업관리·영업지원, 일반사무·사무지원, 구매·자재","


[2024 코아드 총무팀 인재채용] - 인크루트 채용





































 2024 Recruit COAD 
Hiring Now 
코아드 2024년 상반기신입/경력인재채용 
코아드와 
방학도 있고 
함께해요! 주4일만 일하는데 
초봉 5000만원?? 
코아드와 함께 성장하고 함께 놀 
꿈과 열정이 있는 지원자를 모집합니다. 
서류접수: 2024. 10~2.29 
입사일: 2024. 3. (예정) 
 코아드는 어떤 회사인가요? 
대표님도 
임직원도 * 
웃음꽃 만개! 
주4일제 인데 
2년마다리프레쉬 휴가를? 
ABOUT 
COAD 
코아드는 국내자동문 브랜드 1위기업입니 다. 
코아드는 현재| 대전, 대구, 전남 등 국내8개 직영지사및 
베트남, 인도네시아, 일본 등 5개국 현지법인, 공장을 운영 하며 
국내외 자동문 토탈 솔루션을 제공합니다. 
자동문의교수 
유리자동문은 자회사 
'자동문의고수' 플랫폼을 
운영 중입L 다. 
코아드는 이렇게 일해요 
주4일제 + 초봉 5000만원 + 복지 혜택 
월화수목토토일 
주4일제! 
(※ 3~10월: 주4일) 
(※11~2월 주5일) 
60 받겠지 월급 깎는 일하면, 
월급 그대 로면 이직함 
연봉이중요하지 적게 일하니까 연봉이 적을까 걱정 ? 
래서얼마받는데 
4일 일해도 든든한 급여! 
초봉 5000만원 
(※기본급4,160만원 + 축하금 600만원 + 복지카드) 
끝이 아니다! 
연1회성과급지급 
지급액 제한 없는 무제한 인센티브! 
JTBC 뉴스로 확인하세요! 
COAD YOUTUBE 
Jtbc 
27 28 
'주 4일제 입사 경쟁률 100대 
세 마리 토끼 잡은 중소기업 
E A A) D M 、 NIS TRATO R 
총무팀 
채용공고 
JOBOPENINGS 
담당업무 및 자격요건 
-비품및자산관리 
-영업지원: 고객전화응대, 관공서및대기업계약업무등 
담당업무 -사내행사진행 
복리후생 관리 
인사업무 (채용) 
자격요건 *신입/경력무관 
- 인근거주자 
우대사항 - 자차 보유 
-문서작성능력 우수자 
근무형태 정규직(3개월 수습기간 적용) 
WORKIN G CONDITIONS 근무요일 주4일(기본 월~목) 
근무조건 근무시간 9시~19시 
급여 초봉5000만원+@ 
본사(경기화성) 
PROCESS 
접수기간 및 전형절차 
수기간 2024년1월 10일(수)~2024년 2월29일(목) 24시마감 
(※C 력서 양 식: 자사양식) 
aga 
서류합격발표 1차면접 2차면접 최종선발공지 
2024.3.4(월) 2024.3.6(수) 2024.3.7(목) 2024.3.7(목) 
복세편살 
적일많벌 
적게 일하고 많이 벌자 
[처우/복지]한눈에정리하는 복지 
내용 보러가기, 
코아드 복리후생 
주4일제 2년마다 16일 
자율출퇴근제 
리프레쉬 휴가 
초봉 5,000만원 열심히한만큼 
(1년 미만4,160만원 인센티브제공 
기여도, 실적에 따른 능력과 공정한 평가에 따른 
성과보상,진급, 연봉협상 체계적인사평가시스템 
업계 최고 연봉에 보너스까지 
연간2 
호 -생일축하금상품권지급 
- 성과급 지급 (연1회) 
함께· 성장해가요 
정년폐지 
-장기근속자포상제도 
-우수사원포상제도 
온가족이 맘편히 행복하게 
- 전직 종합건강검진제공 
-가족생계급여 
-경조사지원(경조휴가, 경조금지원) 
출산휴가/육아후직/단측근무/출산축하금 
명절선물지급 
제주도 별장(+차량)무상지원 
자세한내용은코아드홈페이지를참고해주세요. 
or.com/care rs-03 







"
40,COAD,신입/경력(연차무관),"5,000~5,000", 경기도 화성시 남양읍 현대기아로 202-37 코아드 ,드론,"전자·반도체, 기계·금속·재료, 연구원·연구개발, 건축·인테리어·설계, 생산·조립·가공·포장·검품, 품질관리, 생산관리, 인사·채용·인재개발(HRM·HRD), 시설·환경·안전·플랜트, 일반사무·사무지원, 총무·법무·특허","


[2024 코아드 상반기 인재채용] - 인크루트 채용







































 COAD 
2024 Recruit ng Now 
코아드 2024년 상반기 신입/경력 인재채용 
코아드와 
방학도 있고 
함께해요! 주4일만 일하는데 
초봉 5000만원?? 
코아드와 함께 성장하고 함께 
꿈과 열정이 있는 지원자를 모집합니다. 
서류접수: 2( 024 1.10 - し 29 
입사일: 2024.3. (예정) 
코아드는 어떤 회사인가요? 
ABOUT 
COAD 
코아드는 국내자동문 브랜드1위기업입니다. 
코아드는 현재 대전, 대구, 전남 등 국내 8개직영지사및 
베트남, 인도네시아, 일본 등 5개국 현지법인, 공장을 운영하며 
국내외 자동문 토탈 솔루션을제공합니 니다. 
셔터] 
자동문이고수 
유리자동문은 자회사 
'자동문의고수' 플랫폼을 A 
운영 중입니다. 
코아드는 이렇게 일해요 
주4일제 초봉 5000만원 + 복지 혜택 
월화수목토토일 
DA 
주4일제! 
(※ 3~10월:주4일) 
(※11~2월: 주5일) 
월160받겠지 월급깎는 거야나 아냐? 
연봉이중요? 
적게 일하니까 연봉이 적을까 걱정...? 
설마급여도80%? 
군 
4일 일해도 든든한 급여! 
초봉 5000만원 
(※기본급4,160만원 x 축하금 600만원 +복지카드) 
끝이 아니다! 
연 1회 성과급 지급 
+ 
지급액 제한 없는 무제한 인센티브! 
JTBC 뉴스로 확인하세요! 
COAD YOUTUBE 
C ○ D 2 0 R E C R U T 
코아드 
채용공고 
직군별 우대사항 근무조건 등 
JOB OPENINGS 
개별공고를 확인하세요! 
모집부문 및 자격요건 ▼하단개별링크참조!) 
담당업무 -자동문 제조 및 생산 
기술센터 자동문시공및 고객지원 
/화성본사/ 
자격요건 * 신입/경력무관 
/대구지사/ 
/ 대전 지사(청주) - 운전면허1종 보통 소지자 
/호남 지사(L 주) 국내외 출장가능자 
관련학과 전공자 (경력무관) 
담당업무 -비품및 자산관리 
-영업지원: 고객전화응대, 
관공서 및 대기업 계 약업무등 
총무팀 사내행사 진행 
/화성 본사/ 복리후생관리 
인사업무(채용) 
자격요건 ※신입/경력무관 
담당업무 [마케팅/콘텐츠기획· 제작] 
브랜 마케팅전략 수립/실행 
-온/오프라인바이럴 마케팅 기 획·홍보 
온라인 고 기획 및 연간 전략 수립 
커뮤니케이션팀 
-온라인 홍보물 디자인 
/평촌/ 
유튜브 컨텐츠/광고 영상디자인 
SNS매체관리 채널운영 
자격요건 ※경력2~3년(신입가능) 
(신입의 경우 포트폴리오 제출 필수) 
필수! 직군별 개별공고 보러가기 ▶ 
coaddoor.com/careers-02 
근무형태 정규직 (3개월 수습기간적용) 
ITIONS 근무요일 주4일 (기본 월~목) 
근무조건 근무시간 유연근무제(기본9시~19시) 
급여 초봉 5000만원+@ 
PROCESS 
접수기간 및 전형절차 
접수기간 2024년1월10일(수)~ 2024년2월29일(목)24시 마감 
(※이력서양식:자사양식) 
○ 
888 88 
서류합격발표 1차면접 2차면접 최종선발공지 
2024.3.4(월) 2024.3.6(수) 2024.3.7(목) 2024.3.7(목) 
(화성시본사) 
[처우/복지]한눈에정리하는코아드복지 
자세한 내용 보러가기1 
코아드 복리후생 
본사 (화성) 본사 제1공장 
본사 사무실 평촌 사무실 
주4일제 2년마다 16일 
자율출퇴근제 
리프레쉬 휴가 
초봉 5,000만원 열심히한만큼 
(1년 미만4,160만원+축하금 인센티브제공 
기여도, 실적에 따른 능력과 공정한 평 가에 따른 
성과보상, 진급, 연봉협상 체계적인사평가시스템 
업계최고 연봉에보너스까지 
복지카드 연간240만원지급 
생일축하금상품권지급 
성과급지급(연1회) 
함께 성장해가요 
-정년폐지 
-장기근속자 포상제도 
우수사원포상제도 
온가족이 맘편히 행복하게 
-전직원 종합건강검진제공 
가족생계급여 
경조사지원(경조휴가, 경조금지원) 
-출산휴가/육이 휴직/단축근무/출산축하금 
-명절선물지급 
-제주도별장(+차량)무상지원 
자세한내용은코아드 홈페이지를참고해주세요. 
coaddoor.com/careers-03 







"
41,(주)더프리마,신입/경력(연차무관),, 서울특별시 강남구 도산대로102길 10 (청담동) ,드론,"호텔·숙박, 세무·회계, 인사·채용·인재개발(HRM·HRD)","


[더프리마] 각 부문별 채용 - 인크루트 채용































주식회사 RECRUIT INFORMATION 
2024 
더프리마 
공개채용 
입사 지원 시 제목에 ""지원 부서"" 필수 기입 요망 
(예시) [경영관리] 홍길동 지원합니다. 
ABOUT 
US 
고객과 함께한 35년, 앞으로 함께할 35년 
2024년 상반기 
청담동 회 텔프리마가 '더프리마호 젤 종로'를 새롭게 오픈합니 니다. 
[더프리마호텔 종로 객실 조감도] 
■ 
스 
... 
'PRIMA'의 이름에 걸맞은 최고의 종합 라이프스타일 기업으로 거듭나기 위해 
미래를 향한 힘찬 발걸음을 함께할 인재를 찾고 있습니다. 
미래는 꿈꾸는 자의 것, 
더 가치있는 미래를 위해 
더프리마에서 꿈을함께 만들어갈 소중한 인재를 모십니다. 
리마스파청담22년리뉴얼오픈 더프로협담동복합상업시설공예정 
인재상 
THEPRIMA 
시대(時, 代)를 · 주도(主道)하는 
창의융합형 인재 
도전과 응전 소통과 화합 
? 
12. 
V Y 
현실에 안주 주하지 않고 상호하여 10 
끊임없이 도전히 는 프리 
 
AVA 
완수한다는 책임감을 가 진프리마인 
끝까지 
열정과 책임감 
[호텔본부] 
모집 직무 담당업무/자격요건 및 우대사항 근무지 
[담당 업무] 
호텔고객응대및안내 
: 천국인(체크아웃 
[자격요건] 무관 
객실팀 
프론트 [우대사항] ?능 
(신입/경력00명) 
스마인드보유자 
용 동 내용량이 가능자(3교대로부가능자) 
[근무조건] 
- 스케줄 (주)5일제,1일:,9접후협의 
[담당업무]스펙션, 객실 비품, 인벤토리 관리 
[자격요 
성별·경력 무관 (신입도지원가능) 
객실관리 
(하우스키핑) [우대사항] 
(신입/경력00명) 인근 거주자 
장기근무 가능자 
[근무조건] 
2,800만원 1일 8시간) 후협의 서울 
스케줄근무(주일제 
종로 
[담당업무] 
- 식음료(카페, 조식당)매장관리 
F.O.H [자격요건] 무관 
(식음) 
함] 
[우 대사 
(신입/경력00명) 서비스 마인드 보유자 
[근무조건] 
우주일제공격,영역,면접후협의 
[담당업무] 
: 식재료식관리 및/연회장(한업무양식) 
[자격요건] 
신입/경력(사원~ 대리급) 
조리 
(신입/경 명력 00명) [우대사항] 
리학 
근 거주자 
- 해당 ? 경험자 
[근무조건] 
- 스케줄 근무(주 5일제 1일 8시간) 
여:면접후협의 
[스파본부] 
[담당업무] 고객 응대 
[자격요건]관 
캐셔 
[우대사항] 
(신입/경력00명) 
서비스와인드보유자 
 250만원이상/면접후협의 
예:신입: 
서울 
강남 
[담당업무] 
입욕객 고객응대 
룸 점검/정 
사우나 및 관리 
내부업장 정리 
[자격요건]경력 무관 
스파 
(신입/경력00명) [우대사항] 
드 보유자 
[근 
3·2,750만원 
급여: 신입: 원,100만원·면접후협의 
[본사 경영관리본부] 
[담당업무] 계(매출채권, 일일 마감, 전표 입력) 
[자격요건] 
-?? 문명(서명동의원강화) 팀원~주임급) 
재무/회계 서울 
[우대사항] 
입/경 00명) - 관련 학과 공자 강남 
관련분야 경력자 
엑셀  고급 능력 보유자 자격 
[근무조건] 
: 주5일제,1일8시간 
[담당업무] 
oll 업무(급여, 퇴직금, 연말정산) 
- Payr에 업무 득/상 
인사제도 기획/운영 (채용, 평가, 복리후생, 교육 등 
[자격요건] 
(주임~ 대리 司, 
경력: 초대출 이상(2, 
H졸 
퓨터활용능력 우수 서울 
인사 -경력: 2년이 
(경력 00명) 강남 
[우 대사항] 
유관 학과 전공자(상경계열에 대한 
해도 보유자 
[근무조건] 
(주) 후일협8시간 
면접 
전형절차 
8,9 9,9 
01 02 03 04 
서류전형 1차면접 2차면접 최종합격 
복리후생 
ⓑ 
종 경조시 
휴일(특근) JT) 
구내식당(사원식당) 
제출서류 
이력서(자기소개서/경력기술서) 
· 최종합격 : 후 졸업증명서, 경력사항· 등증명서제출 
유의사항 
해외여행 결격 사유가 없는 자 
국가보훈대상자및 장애인은관련 법규에의거우대함 
허위 사실이 발견될 경우, 채용 확정 이후라도 채용이 취소될 수 있습니다. 
입사 지원 시 제목에 ""지원부서"" 필수기입요망








"
42,한국교통안전공단,신입,,,드론,"경영·기획·전략, 일반사무·사무지원, 세무·회계, 법률·법무·회계","


화성드론자격센터 청년인턴(사무보조) 채용 - 인크루트 채용













한국교통안전공단한국교통안전공단 화성드론자격센터 청년인턴(사무보조) 채용고용형태인턴모집인원6명자격요건학력 : 무관경력 : 신입나이 : 무관우대사항장애인고용촉진 및 직업재활법 상 장애인, 취업지원대상자결격사유1. 피성년후견인
2. 파산선고를 받고 복권되지 아니한 자
3. 금고 이상의 실형을 선고받고 그 집행이 끝나거나(집행이 끝난 것으로 보는 경우를 포함한다) 집행이
면제된 날부터 5년이 지나지 아니한 자
4. 금고 이상의 형의 집행유예를 선고받고 그 유예기간이 끝난 날부터 2년이 지나지 아니한 자
5. 금고 이상의 형의 선고유예를 받은 경우에 그 선고유예 기간 중에 있는 자
6. 법원의 판결 또는 다른 법률에 따라 자격이 상실되거나 정지된 자
7. 공단 또는 전 직장에서 재직기간 중 직무와 관련하여 「형법」제355조 및 356조에 규정된 죄를 범한
자로서 300만원 이상의 벌금형을 선고받고 그 형이 확정된 후 2년이 지나지 아니한 자
7의2. 다음 각 목의 어느 하나에 해당하는 죄를 범한 사람으로서 100만원 이상의 벌금형을 선고받고 그
형이 확정된 후 3년이 지나지 아니한 사람
가. 「성폭력범죄의 처벌 등에 관한 특례법」제2조에 따른 성폭력범죄
나. 「정보통신망 이용촉진 및 정보보호 등에 관한 법률」 제74조제1항제2호 및 제3호에 규정된 죄
다. 「스토킹범죄의 처벌 등에 관한 법률」 제2조제2호에 따른 스토킹범죄
7의3. 미성년자에 대한 다음 각 목의 어느 하나에 해당하는 죄를 저질러 파면?해임되거나 형 또는 치료감
호를 선고받아 그 형 또는 치료감호가 확정된 사람(집행유예를 선고받은 후 그 집행유예기간이 경과
한 사람을 포함한다.)
가.「성폭력범죄의 처벌 등에 관한 특례법」제2조에 따른 성폭력범죄
나.「아동 청소년의 성보호에 관한 법률」제2조제2호에 따른 아동 청소년대상 성범죄
8. 공단 또는 전 직장에서 징계로 파면처분을 받은 때부터 5년이 지나지 아니한 자
9. 삭제 <2012.10.30.>
10. 공단 또는 전 직장에서 징계로 해임처분을 받은 때부터 3년이 지나지 아니한 자
11. 채용신체검사 결과 부적합한 자
12. 다른 공공기관에서 부정한 방법으로 채용된 사실이 적발되어 채용이 취소된 자
13. 「부패방지 및 국민권익위원회의 설치와 운영에 관한 법률」제82조에 따른 비위면직자 등의 취업제
한 적용을 받는 자전형절차/방법□선발방법 
○ 1차 전형 : 서류심사(예정인원의 3배수, 평가결과 40%이상 득점자 중 고득점자 순으로 선발, 
동점자 전원 합격) 
○ 2차 전형 : 면접심사(예정인원의 1배수, 평가결과 60%이상 득점자 중 고득점자 순으로 선발, 
동점자 발생 시 취업지원대상자, 서류전형 성적 우수자 순으로 선정) 
□ 채용일정 등 
○ 지원서접수: 2024.1.11.~1.26. 
○ 서류심사발표: 2024.2.1.
○ 면접심사: 2024.2.2.
○ 합격예정자 발표: 2024.2.14.
○ 최종합격자 발표: 2024.2.15.
○ 채용예정일: (직무별 상이) 2024.2.16. / 2024.3.4. 
○지원서 접수방법: 입사지원시스템을 통해 접수(방문, 등기우편, 이메일 접수 불가) 
- 접수처 : recruit.incruit.com/kotsa 
- 접수마감은 1.26.(접수마감일) 오전 10시 까지 
○합격자발표: 각 전형별 지원자에게 개별 통보(문자 또는 이메일) 






"
43,의정부 백병원,경력(연차무관),,,드론,의사·수의사,"


의정부 백병원 외과, 이비인후과 전문의 초빙 - 인크루트 채용













▶ 회사 정보 병원소개경기도 의정부시에 위치한 200병상 규모의 종합병원입니다.  근로자수 : 250 회 사 명 : 영동의료재단 의정부백병원 주    소 : (117-778) 경기도 의정부시 금신로 322  의정부 백병원 (신곡동) 대 표 자 : 우영섭 채용담당 : 채용담당자 전화번호 :  핸 드 폰 :  팩스번호 : ***-****-**** 이 메 일 : shift8668@naver.com******@*******.*** 홈페이지 : http://upaik.co.kr/▶ 채용 정보  모집구분 : 무관  고용형태 : 외래진료 및 수술, 시술, 입원환자 관리 모집부문 : 의정부 백병원 외과, 이비인후과 전문의 초빙 모집인원 : 2 응시자격※모집분야 진료과인원급여업무내용비고이비인후과1Net 1,700만원 ~(인센티브 있음, 급여 협의 가능)외래진료 및 수술, 시술입원환자 관리 청력검사실 운영 중  일반외과1 Net 1,700만원 ~(인센티브 있음, 급여 협의 가능)외래진료 및 수술, 시술입원환자 관리맘모톰 장비 보유 ※상세요강의정부시에 위치한 200병상 규모의 종합병원에서 유능하신 일반외과, 이비인후과 전문의 선생님을 모십니다.의정부 IC에서 차량으로 15분, 의정부 동오역에서 도보로 10분거리에 위치해 있어 교통 접근성 좋으며연차는 6일, 학회2일 제공하며 격주로 평일 반차 1회씩 월 2회 정기 반차 있습니다. 기존 진료과장님의 이직으로 인한 대체 충원 중이며  시술 및 수술,  진료 실적등에 따라 인센티브 있습니다. 진료강도는 높지 않은편이며 기타 문의 사항 전화주시면 답변 드리겠습니다. 급여는 면접 후 협의 가능하며 많은 문의 및 지원 부탁드립니다.   전형방법 : 온라인지원,이메일 제출서류 이력서, 자기소개서, 자격 면허증
 마 감 일 : 채용시 (채용완료시 조기 마감될 수 있습니다.) 급여조건 : 면접시 협의 근 무 지 : 경기






"
44,창조한국,경력(연차무관),1,,드론,의사·수의사,"


진단검사 전문의 모십니다. - 인크루트 채용













▶ 회사 정보 병원소개통증크리닉 센타입니다.  근로자수 : 2 회 사 명 : 성크리닉센타 주    소 : (139-951) 경기도 안양시 동안구 흥안대로 525  3층 (관양동) 대 표 자 : 성진혁 채용담당 : 채용담당자 전화번호 :  핸 드 폰 :  팩스번호 : -- 이 메 일 : hrbest@kakao.com******@*******.*** 홈페이지 : http://▶ 채용 정보  모집구분 : 무관  고용형태 : 진단검사 전문의 모집부문 : 진단검사 전문의 모십니다. 모집인원 : 2 응시자격직무 : 진단검사 전문의  (긴급)
◆ 지원자격
ㆍ진단검사의학과 의사
◆ 연봉(세전)
 
- 진단검사전문의
 
> 주1일 이상 선택근무 가능
 
> 주5일 근무시 4대보험 가입, 차량제공
 
> 연봉 : 근무조건에 따라 경력 우대하여 협의후 결정
근무지역 경기 광명시
지원기한 ASAP지원희망시 hrbest@kakao.com******@*******.***으로 이력서를 보내주시면 됩니다.궁금사항은  ***-****-**** 로 문의 부탁드립니다. 전형방법 : 온라인지원,이메일 제출서류 이력서
 마 감 일 : 채용시 (채용완료시 조기 마감될 수 있습니다.) 급여조건 : 1억원 이상 근 무 지 : 경기






"
45,그랜드성모안과의원,경력(연차무관),"4,000~5,000",,드론,"간호·간병, 보건·원무","


업계최고대우 [천호역 그랜드성모안과] 원무접수데스크 추가 구인 - 인크루트 채용













▶ 회사 정보 병원소개가톨릭대학교 서울성모병원 외래교수 출신 2인의 대표원장이 진료합니다.
망막, 녹내장 질환 및 백내장 수술과 같은 중증 실명 질환 중심 진료 뿐 아니라 
안구건조증 드림렌즈 경증 질환까지 모두 포함하여
각종 안과적 질환 상담을 통해 폭넓은 안과 진료를 제공하는 안과의원입니다. 근로자수 : 11 회 사 명 : 그랜드성모안과의원 주    소 : (053-328) 서울특별시 강동구 올림픽로 654  2층 1호 (천호동) 대 표 자 : 홍경의 채용담당 : 채용담당자 전화번호 :  핸 드 폰 :  팩스번호 : -- 이 메 일 : grandstmaryeye@gmail.com******@*******.*** 홈페이지 : https://grandstmaryeye.com/▶ 채용 정보  모집구분 : 무관  고용형태 : 원무 접수 데스크 환자안내 전화상담 모집부문 : 업계최고대우 천호역 그랜드성모안과 원무접수데스크 추가 구인 모집인원 : 00 응시자격  전형방법 : 온라인지원,이메일 제출서류 학력 & 경력서, 자기소개서

 마 감 일 : 채용시 (채용완료시 조기 마감될 수 있습니다.) 급여조건 : 4000-5000만원 근 무 지 : 서울






"
46,연세우리안과,경력(연차무관),,,드론,"간호·간병, 보건·원무","


서울시 노원구 연세우리안과 검안사 채용합니다 - 인크루트 채용













▶ 회사 정보 병원소개""잘 보게 하는 편안한 병원"" 근로자수 : 6 회 사 명 : 연세우리안과 주    소 : (017-779) 서울특별시 노원구 동일로203가길 29  브라운스톤중계 207호 (중계동, 브라운스톤중계)  대 표 자 : 이규호 채용담당 : 채용담당자 전화번호 :  핸 드 폰 :  팩스번호 : ***-****-**** 이 메 일 : sbsgw@naver.com******@*******.*** 홈페이지 : http://▶ 채용 정보  모집구분 : 무관  고용형태 : 검안 모집부문 : 서울시 노원구 연세우리안과 검안사 채용합니다 모집인원 : 00 응시자격서울시 노원구에 위치한 드림렌즈, 백내장 수술 전문 안과입니다.  지역 내 동종업계 최고 대우와 안과에서 할 수 있는 모든 경험과 교육을 드리겠습니다.자유롭고 밝은 분위기를 함께 만들어가고 싶습니다. 저희 안과와 함께 전문가로 성장하고 싶으신 안경사 선생님의 많은 관심과 지원 부탁드립니다.  *위치: 서울시 노원구 중계동 동일로203가길 29, (브라운스톤중계) 2층7호선 중계역 4번 출구 하계역 6번 출구 사이, 도보 5분 *근무주 5일 근무 월~금;9:00am ~ 7:00pm (주1일 off) 토;9:00am ~ 2:00pm (평일점심휴게시간: 1:00pm ~ 2:00pm)   *업무: 안과 검사, 검안, 렌즈 *경력: 무관 (안과 근무 경험 우대) *나이/성별: 무관 *급여: 지역 동종 업계 대비 최고대우 (면접시 협의) *근무조건: 4대 보험, 연차, 퇴직금별도, 경조사비, 식대 *전형방법: 1차 서류 (이력서-희망연봉필히 기재 바람) 후 개별 통보, 2차 면접제출서류: 이력서 *연락처전화 : 02 - 974 -7582e-mail: eyesaw@naver.com******@*******.*** 홈페이지http://yswoorieye.com/ 전형방법 : 온라인지원,이메일,전화문의 제출서류 이력서(자기소개서), 안경사면허증사본
 마 감 일 : 채용시 (채용완료시 조기 마감될 수 있습니다.) 급여조건 : 면접시 협의 근 무 지 : 서울






"
47,서울어울초등학교,신입/경력(연차무관),,,드론,공무원·공직,"


2024 방과후학교 강사 모집 공고(보드게임, 배드민턴, 바둑과 체스, 드론, 종이접기&아트미술, 과학탐구, 코딩, 주산암산)모집 - 인크루트 채용













채용조건채용직종계약제교원시간강사 기타강사채용인원8명과목(담당업무)2024 방과후학교 강사(보드게임, 배드민턴, 바둑과 체스, 드론 등)채용기간
								2024.03.11~2024.06.07접수기간
								2024.01.15~2024.01.22근무조건근무형태근무시간보수/임금지급방법복리후생자격요건경력
								
									
										경력 무관
									
									
								
								
							학력
								 
									
										학력 무관
									
									
								
							연령
								
									
										연령 무관
									
									
								
							우대사항
								자격증소지
								
								
							채용방법 및 일정접수방법
								
								
								이메일 접수 (urwool_b@urwool.es.kr******@*******.***)
								
								
							제출서류채용일정2024.01.24 서류심사2024.01.25 면접심사2024.01.26 최종합격자발표
서울어울초등학교에서는 2024학년도 1/4분기 방과후학교 운영과 관련하여 아래와 같이 방과후학교 프로그램 개인위탁 강사를 모집하오니, 관심있는 분들의 많은 지원 바랍니다.1. 분야: 보드게임, 배드민턴, 바둑과 체스, 드론, 종이접기&아트미술, 과학탐구, 코딩, 주산암산
2. 서류심사: 1.23(화)~1.24(수)
3. 면접심사: 1.25(목)
4. 지원방법: 이메일 접수(urwool_b@urwool.es.kr******@*******.***)[첨부파일] :  2024-1분기 방과후학교 개인위탁 외부강사 공모.hwp방과후학교 개인위탁 프로그램 운영 제안서.hwp






"
48,(주)비씨디이엔씨,경력(연차무관),"2,500",,드론,"마케팅, 영업관리·영업지원, 영업기획","


영업 관리 사무원 모집합니다. - 인크루트 채용













						[직무내용]			당사는 드론개발 및 콘텐츠 제작하는 업체입니다. 아래와 같이 영업 및 관리 사무원  모집합니다.ㆍ영업 : 입찰공고 확인 및 관련 업체 컨택ㆍ관리 : 드론 관리, 입찰확인 및 견적서 작성간단한 문서 작업(견적서, 제안서 작성) 가능하시신 직원 모집합니다.부담갖지 말고 지원해주세요.						[근무시간 및 형태]							주 5일 근무																(오전) 9시 00분~(오후) 6시 00분													주소정근로시간 : 40시간									[급여조건]			    - 연봉				25000000원 이상														- 상여금 : 0%										(미 포함)													- 면접 후 결정 가능								[장애인채용희망여부]																		비희망								[병역특례]														- 비희망							 






"
49,(주)신명전기,경력(연차무관),"월급 2,060,740",,드론,생산·조립·가공·포장·검품,"


생산직 사원모집(조립) - 인크루트 채용













						[직무내용]			모터와 기어드모터 생산직(조립)						[근무시간 및 형태]							주 5일 근무																(오전) 8시 00분~(오후) 5시 00분													주소정근로시간 : 40시간									[급여조건]			    - 월급				2060740원 이상														- 상여금 : 0%										(미 포함)													- 면접 후 결정 가능								[장애인채용희망여부]																		비희망								[병역특례]														- 비희망							 






"
50,(주)드림티엔에스,경력(연차무관),"월급 2,300,000",,드론,운송·물류,"


드론라이다, 3D스캐너, GNSS 기술지원팀 채용 - 인크루트 채용













						[직무내용]			담당업무ㆍ3D Scanner 관련 기술 업무ㆍ드론 라이다 운영 및 기술 업무ㆍ위성 수신 측량 장비 기술 업무ㆍ관련 전공자나 유경험자 아니여도 가능자격요건ㆍ학력 : 대졸이상 (졸업예정자 가능) ㆍ경력 : 신입 및 경력무관ㆍ드론 면허 소지자우대사항ㆍ인근거주자ㆍ라이다 및 RTK GNSS 유 경험자 우선 채용ㆍAutoCAD 프로그램 사용 가능자ㆍ관련 학과 전공자(토목공학, 지리학, 도시공학) 등 측량 관련 전공자(전공자 아니여도 가능)ㆍ즉시출근 가능자ㆍ장기근무 가능자						[근무시간 및 형태]							주 5일 근무																(오전) 9시 00분~(오후) 6시 00분													주소정근로시간 : 40시간									[급여조건]			    - 월급				2300000원 이상														- 상여금 : 0%										(미 포함)													- 면접 후 결정 가능																								[자격면허]																		- 자동차운전면허																																		[장애인채용희망여부]																		비희망								[병역특례]														- 비희망							 






"
51,(주)한성지티,경력(연차무관),"9,900",,드론,"기계·금속·재료, 생산·조립·가공·포장·검품","


(주)한성GT 생산팀 채용공고 - 인크루트 채용













						[직무내용]			당사는 공작기계용 Cover를 제조 하는 회사로서 생산직 사원을 모집중에 있습니다.공작기계용슬라이드커버 조립, 용접, 출하 업무공작기계용스라이드커버 관련 업무 유경험자 우대지게차운전가능자 우대						[근무시간 및 형태]							주 5일 근무																(오전) 8시 30분~(오후) 5시 30분															[급여조건]			    - 시급				9900원 이상																		- 면접 후 결정 가능						우대조건 : 운전면허증				[장애인채용희망여부]																		비희망								[병역특례]														- 비희망							 






"
52,(주)한성지티,경력5년↑,"월급 2,500,000",,드론,무역사무,"


(주)한성GT 무역팀 팀원채용 - 인크루트 채용













						[직무내용]			당사는 공작기계용 Cover를 제조 하는 회사로서 무역팀 팀원을 모집중에 있습니다.공작기계용슬라이드커버 해외 수출/입 업무, 마케팅업무, 해외영업 등 무역관련 업무 전반을 담당합니다.공작기계용스라이드커버 관련 업무 유경험자 우대합니다.필수조건 : 일본어 가능자 必우대조건 : 영어가능자 우대 합니다.						[근무시간 및 형태]							주 5일 근무																(오전) 8시 30분~(오후) 5시 30분													주소정근로시간 : 40시간									[급여조건]			    - 월급				2500000원 이상														- 상여금 : 0%										(미 포함)													- 면접 후 결정 가능																								[자격면허]																								- 기타자격면허 : 일본어 자격 필수, 기타 어학점수 보유자 우대																												[장애인채용희망여부]																		비희망								[병역특례]														- 비희망							 






"
53,(주)금자탑애드텍,경력1년↑,"3,000~5,000",,드론,건축·인테리어·설계,"


실사물 설치 현장 시공직을 구인합니다. - 인크루트 채용













						[직무내용]			담당업무 / 와이드칼라교체ㆍ 백화점 광고물 교체 ㆍ 브랜드 행사 설치ㆍ 브랜드 광고물 교체ㅇ자격요건ㆍ 채용시 즉시 출근 가능자ㆍ 야간근무 가능자 ㆍ 운전가능자(스타렉스)ㅇ근무조건ㆍ  경력에 따라 협의 (3,000만원 - 5,000만원)     수습2개월 / 업무역량에 따라 변동가능ㆍ 근무시간 : 일 8시간(탄력적 근무/오후 및 야간. 상시적 변동)ㆍ 주요근무처 : 인천 / 서울 / 수도권						[근무시간 및 형태]							주 5일 근무																(오후) 7시 00분~(오전) 3시 00분													주소정근로시간 : 40시간									[급여조건]			    - 연봉				30000000원 이상														- 상여금 : 0%										(미 포함)													- 면접 후 결정 가능																								[자격면허]																		- 자동차운전면허																																		[장애인채용희망여부]																		비희망								[병역특례]														- 비희망							 






"
54,(주)펄스일렉트로닉스,경력(연차무관),"월급 2,060,740",,드론,"기계·금속기능, 전기·전자·통신기능, 생산·조립·가공·포장·검품, 전자·반도체, 품질관리","


생산직 모집//전기 및 전자 부품 및 제품 조립원***[광명고용센터 채용대행사업장]*** - 인크루트 채용













						[직무내용]			콘센트 조립 및 포장***[광명고용센터 채용대행사업장]***워크넷 입사지원시, 본사업장으로 알선 진행 됩니다. 실제 면접보실분들의 많은 참여 부탁 드립니다.						[근무시간 및 형태]							주 5일 근무																(오전) 9시 00분~(오후) 6시 00분													주소정근로시간 : 40시간									[급여조건]			    - 월급				2060740원 이상														- 상여금 : 0%										(미 포함)												[장애인채용희망여부]																		비희망								[병역특례]														- 비희망							 






"
55,(주)에스티컴퓨터,경력(연차무관),"2,600",,드론,광고·CG·시각디자인,"


에스티컴퓨터 웹디자이너 신입&경력 모집 - 인크루트 채용













						[직무내용]			1998년 창립된 컴퓨터 제품군 수입 유통사이며 관련하여 컴퓨터 부품 (메인보드, 그래픽카드 등) 상품정보 및 이벤트페이지, 광고배너 제작등의 업무를 담당합니다. 참조 :  1. 동영상 편집이 가능하신 경우는 우대합니다.2. 포토삽/일러스트레이터 활용은 필수 이며 포트폴리오는 첨부해주시면 되겠습니다. * 서울서부고용센터에서 접수 중이니 포트폴리오 첨부해서 지원바랍니다.						[근무시간 및 형태]							주 5일 근무																(오전) 9시 00분 ~ (오후) 6시 00분													주소정근로시간 : 40시간									[급여조건]			    - 연봉				26000000원 이상														- 상여금 : 0%										(미 포함)													- 면접 후 결정 가능																								[자격면허]																								- 기타자격면허 : 포토샵/일러스트레이터																												[장애인채용희망여부]																		비희망								[병역특례]														- 비희망							 






"
56,태건측량엔지니어링,경력(연차무관),"2,472~2,472",,드론,토목·조경·도시·측량,"


측량 및 지형공간정보 신입,경력사원 모집 GPS, 토탈스테이션, 레벨 측량, 드론측량. - 인크루트 채용













						[직무내용]			1. GIS DB구축을 전문으로하는 측량 및 지도제작 업체입니다. 2. 측지,지적관련 자격증 소지자, CAD활용 가능자와 공간정보 측량업무를 하고 있습니다. 꼭! 전공자가 아니더라도 측량에 관심있는 유능한 인재를 기다리고 있습니다.3. 업무특성상 현장과 사무직을 겸업하여 근무하게 되며, 측량은 도로조사,하수조사,상수조사 등 포천시 외에 인접 시,도의 공공측량 업무를 수행합니다.4. 성실과 근면함을 최우선적으로 봅니다. 전문적인 지식은 없더라도 꾸준히 배워나갈 수 있는 자세를 가진 분이라면 누구나 채용의 기회는 열려있으며, 장기근속 할 마음다짐을 가지신 분 지원바랍니다.5. 급여는 수습기간에는 최저임금으로 지급되며, 차량(업무용,개인용) 지원합니다. 궁금하신 사항은 채용 담당자에게 연락 바랍니다.""실업급여등 각종 지원금을 위한 취업 의사 없는 지원 등은 자제부탁드립니다.""						[근무시간 및 형태]							주 5일 근무																(오전) 9시 00분~(오후) 6시 00분													주소정근로시간 : 40시간									[급여조건]			    - 연봉				24728880원 이상														- 상여금 : 100%										(미 포함)													- 면접 후 결정 가능																								[자격면허]																		- 자동차운전면허																																우대조건 : 운전면허증				[장애인채용희망여부]																		비희망								[병역특례]														- 비희망							 				[기타 우대내용]	상여금, 차량지원 및 기타사항은 면접시 협의






"
57,(주)비에이치케이솔루션,경력(연차무관),"3,000~6,000",,드론,"네트워크·서버·보안, 시스템프로그래머, 전산·IT기술지원","


신입 및 경력 개발 직원 모집 - 인크루트 채용













						[직무내용]			소프트웨어 개발 신입 및 경력 직원 모집합니다.채용 분야윈도우 기반 응용프로그램 개발 / Autodesk Revit 서드 파티 프로그램 개발 /Autodesk AutoCAD 서드파티 프로그램 개발 /  백엔드 개발자(Window Server, Linux 기반)- 우대 사항 -공통 - C# 가능자서드파티 개발자 분야- Autodesk Revit / AutoCAD 사용 가능자 백엔드 분야- Windows Server, Linux, MSSQL, MySQL 경험자						[근무시간 및 형태]							주 5일 근무																(오전) 9시 00분~(오후) 6시 00분													주소정근로시간 : 40시간									[급여조건]			    - 연봉				30000000원 이상														- 상여금 : 0%										(미 포함)													- 면접 후 결정 가능								[장애인채용희망여부]																		비희망								[병역특례]														- 비희망							 			[기타 희망내용]	-------------------------------------***[관악고용센터 채용대행 구인입니다] ♣ 실제 취업의사 있는 분(즉시출근) 만 접수부탁드립니다.(실업급여,수당등 목적의 형식적 지원 사절)♣ 이력서,자기소개서에 내용없는 무성의한 서류는 심사불가로 탈락됩니다 (⇒서류통과자는 회사 개별통보 Tel. ***-****-**** )






"
58,주식회사 엘피에스테크,경력(연차무관),"월급 2,500,000",,드론,"건축·인테리어·설계, 건설현장","


인조대리석, 엔지니어드스톤 시공 기사 모집 (채용인원: 2명) - 인크루트 채용













						[직무내용]			 업무내용- 석재 (인조대리석, 엔지니어드스톤등) 주방 상판 시공- 전국 학교 납품 물량 시공등 필요역량- 운전면허증 1종 보통 필수 회사가 원하는 인재상- 성실한 사람- 공사에 대한 책임감이 있는 사람- 타인에게 긍정적인 영향을 미치는 사람(부정적인 사람 x)- 돈을 벌기 위한 공사보다는 고객을 위한 공사를 하는 사람- 자신의 워라벨만큼 내 동료의 워라벨도 중요함을 알고 있는 사람 우리 회사의 장점- 매년 급성장 중인 회사 입니다.- 열심히 한만큼 기술력에 따라 급여 상승이 많습니다.- 젊은 직원이 많습니다. (기술 배우고자 하는 젊은 직원 多, 전직원 평균 연령 34세)- 성과에는 보상이 확실 합니다. (매년 연말 성과에 따라 성과급 지급)  (2023년 12월의 경우 연차 별로 기본급 100% ~ 300% 성과급 지급)  (ex, 월급 500만원인 근로자의 경우 성과급으로 1,500만원 지급)- 국가 사업에 참여 하고 있으며, 시장에서 인정 받고 있는 회사입니다.- 기술을 배워 사수가 됐을시 회사에서 공구, 차량등 모든 장비를 지원 합니다.- 직원을 노예처럼 부려먹지 않고, 함께 미래를 만들어 가는 파트너로 생각합니다.- 평일 일하는 기간에는 정말 책임감 있게 일하며, 쉴때는 다같이 쉬는 회사입니다.- 산업내에서 평균 연봉이 가장 높은 회사입니다 (2023년 임직원 평균 연봉 6천만원)- 노가다라는 인식을 바꾸기 위해 똑똑하고 책임감 있는 직원들이 열심히 일하고 있습니다.- 징검다리 연휴때는 무조건 공동 연차로 전직원 휴무이며, 이 산업에서 유일하게 토요일 일을 안하는 회사입니다. 우리 회사와 이 산업의 단점- 3D 산업입니다.- 대기업이 아닌 중소 기업입니다.- 공장, 사무실이 대기업 만큼 좋지 않습니다.- 새벽 같이 나와 상황에 따라 밤 늦게 집에 가는 일이 있습니다.  (오전 9시~10시 현장 진입 위해 오전 7시경 공장에서 자재 싣고 현장으로 출발 (이에 따라 집에서 일찍 출발))- 매년 비수기와 성수기가 있어 성수기때 일이 많이 몰리면 체력적으로 힘들 수 있습니다.- 전국 초,중,고 학교 납품을 하는 업체로 부산, 전남, 경북등 장거리 출장이 있습니다. (출장시 출장비 별도 지급)  (부산, 전남등 먼거리의 경우 새벽 일찍 출발해 오전 9시에 맞춰 현장 도착 필요)  → 여름, 겨울 방학 시즌에 가장 일이 몰리며, 월 평균 4~5회 정도 납품 (출장 인원은 고정이 아니며 상황에 따라 조절) 지원시 유의 사항 당사는 국내 최고의 회사입니다. 성과에 대한 보상이 확실하며, 모든 현장을 내집처럼 생각 하며 시공 하고 있습니다.이에 따라 품질과 경영 환경을 인정 받아 국가 사업에 전담 업체로 선정 돼 경기가 안 좋음에도 매년 성장 하는 회사입니다.하지만, 제조업의 특성상 몸으로 하는 일이기 때문에 몸이 지치면 정신적으로도 힘들 수 있으며, 기술직에 대한 경험이 부족한 분들은 노가다라는 부정적인 인식을 갖게 될 수도 있습니다.사람, 돈, 비전 이 3가지는 지원자 분들께 회사에서 확실하게 보장 할 수 있습니다.다만, 기술직이기 때문에 굳은 마음가짐 없이는 할 수 없는 일이라고 생각합니다.						[근무시간 및 형태]							주 5일 근무																(오전) 8시 00분~(오후) 5시 00분													주소정근로시간 : 40시간									[급여조건]			    - 월급				2500000원 이상														- 상여금 : 100%										(미 포함)																												[자격면허]																		- 자동차운전면허1종보통																																우대조건 : 차량소지자,운전면허증,북한이탈주민,장기복무 제대군인,고용촉진장려금대상자				[장애인채용희망여부]																		비희망								[병역특례]														- 비희망							 






"
59,주식회사 테슬라마그네틱스,경력2년↑,"4,000~6,000",,드론,"전기·소방·설비, 전자·반도체, 전기·전자·통신기능, 설치·수리·정비·A/S ","


전기 제어(PLC) 패널 설계/제작 - 인크루트 채용













						[직무내용]			저희는 2차전지 산업 분야에 사용되는 자력응용 솔루션(영구자석/전자석 응용)과 반도체 검사 분야, 그리고 환경 및 철강/제강 분야에 사용되는 자력 응용 솔루션을 개발/설계/제조하는 신생회사입니다. 저희와 함께 신사업분야 종사하실 직원을 채용 중이오니 많은 지원 부탁 드립니다.- 전기 제어 시퀀스 설계(CAD 프로그램) 및 PLC 제어 설계 가능자- 해외 여행 결격사유가 없을 것- LS/MITSUBISHI PLC 필수- SIEMENS PLC 가능자 우대						[근무시간 및 형태]							주 5일 근무																(오전) 8시 30분~(오후) 6시 30분													주소정근로시간 : 45시간									[급여조건]			    - 연봉				40000000원 이상														- 상여금 : 0%										(미 포함)													- 면접 후 결정 가능																								[자격면허]																		- 자동차운전면허																																우대조건 : 운전면허증				[장애인채용희망여부]																		비희망								[병역특례]														- 비희망							 				[기타 우대내용]	비흡연자 우대






"
60,(주)강북공영,경력(연차무관),"월급 2,300,000",,드론,"마케팅, 영업관리·영업지원, 영업기획","


영업 기획·관리·지원 사무원 - 인크루트 채용













						[직무내용]			*  인원충원을 하고 있습니다.  성실하고 꼼꼼한 영업부 사무원 구인합니다.*  담당업무     분야 : 영업부 사무원, 영업부(서류)지원, 출하실 업무지원     경력 : 초보가능, 1년이상 우대(성실하고 센스있는 분 지원부탁드립니다.) * 특이사항 :출퇴근시 필요한  유류 지원 합니다. (회사지정분)* 경  력 : 초보 가능(성실하고 원활한 커뮤니케이션 및 협업이 가능한 분 지원 부탁 드립니다.)버스가 다니기는 하지만, 버스에서 내려서 15분정도 도보가 예상됩니다. 위치 특성상 자차 있으셔야 합니다.지원방법 : 이력서, 자기소개서 등 이메일 입사지원 바랍니다.꼭 입사 하실분만 지원해주세요. 거짓 입사지원 하지 말아주세요.						[근무시간 및 형태]							주 5일 근무																(오전) 8시 30분~(오후) 6시 00분													주소정근로시간 : 40시간									[급여조건]			    - 월급				2300000원 이상														- 상여금 : 0%										(미 포함)										우대조건 : 차량소지자				[장애인채용희망여부]																		비희망								[병역특례]														- 비희망							 






"
61,주식회사 테슬라마그네틱스,경력3년↑,"3,500~4,500",,드론,기계·금속·재료,"


산업용 기계 및 설비 설계 (CAD) - 인크루트 채용













						[직무내용]			저희는 2차전지 산업 분야에 사용되는 자력응용 솔루션(영구자석/전자석 응용)과 반도체 검사 분야, 그리고 환경 및 철강/제강 분야에 사용되는 자력 응용 솔루션을 개발/설계/제조하는 신생회사입니다. 저희와 함께 신사업분야 종사하실 직원을 채용 중이오니 많은 지원 부탁 드립니다.산업용 장비 설계 및 제작 - 산업용 기계 및 장비 설계: 2D CAD를 이용한 제품 설계 - 설계된 장비의 BOM 및 제품시방서 작성 - 매뉴얼 작성부족한 부분은 회사에서 배울 수 있으니 부담갖지 마시고 많은 지원 부탁 드립니다.						[근무시간 및 형태]							주 5일 근무																(오전) 8시 30분~(오후) 6시 30분													주소정근로시간 : 45시간									[급여조건]			    - 연봉				35000000원 이상														- 상여금 : 0%										(미 포함)													- 면접 후 결정 가능						우대조건 : 운전면허증				[장애인채용희망여부]																		비희망								[병역특례]														- 비희망							 				[기타 우대내용]	비흡연자 우대






"
62,쿠팡풀필먼트서비스 유한회사,경력(연차무관),"월급 2,670,320",,드론,구매·자재,"


쿠팡 안성4센터 정규직 현장관리자 모집 - 인크루트 채용













						[직무내용]			출고/입고 현장관리자 캡틴물류센터 업무관리 지원 현장직 근로자 관리급여 2,670,320근무시간 9-18시19-4시주5일제공정과 근무조에 따라 임금이 변동될 수 있음수습기간 12주[임산부 지원 주의 안내]야간조/심야조 근무, 휴일 근무, Fresh FC(신선센터)/HUB 근무 등 관련 법령에 따라      임산부 근무가 제한되는 업무에 지원한 임산부는 출근 시 (무급으로) 귀가하여야 하므로,      근무일시/근무장소를 반드시 확인 후 지원해 주시기 바랍니다.      임산부 : 임신 중인 분 및 산후 1년 이내이신 분을 포함함 [채용서류 반환 관련 고지]1.본 고지는 『채용절차의 공정화에 관한 법률』 제11조 6항에 따른 것입니다. 2.당사 채용에 응시한 구직자 중 최종합격이 되지 못한 구직자는 『채용절차의 공정화에 관한 법률』에 따라 제출한 채용서류의 반환을 청구할 수 있음을 알려 드립니다. 다만, 홈페이지 또는 전자우편으로 제출된 경우나 구직자가 당사의 요구 없이 자발적으로 제출한 경우에는 그러하지 아니하며, 천재지변이나 그 밖에 당사에게 책임 없는 사유로 채용서류가 멸실된 경우에는 반환한 것으로 봅니다. 3.위 2항 본문에 따라 채용서류 반환 청구를 하는 구직자는 채용서류 반환청구서[채용절차의 공정화에 관한 법률 시행규칙 별지 제3호 서식]를 작성하여 당사로 팩스 또는 이메일로 제출하면, 제출이 확인된 날로부터 14일 이내에 지정한 주소지로 등기우편을 통하여 발송해 드립니다. 이 경우 등기우편요금은 수신자 부담으로 하게 되오니 유념하시기 바랍니다. 4.당사는 위 2항 본문에 따른 구직자의 반환 청구에 대비하여 채용 여부가 확정된 날로부터 180일 간 구직자가 제출한 채용서류 원본을 보관하게 되며, 그때까지 채용서류의 반환을 청구하지 아니할 경우에는 『개인정보 보호법』에 따라 지체 없이 채용서류 일체를 파기할 예정입니다.						[근무시간 및 형태]							주 5일 근무																(오전) 9시 00분~(오후) 6시 00분(오후)19시00분~(오전)04시 00분													주소정근로시간 : 40시간									[급여조건]			    - 월급				2670320원 이상														- 상여금 : 0%										(미 포함)												[장애인채용희망여부]																		비희망								[병역특례]														- 비희망							 






"
