기업이름,담당업무,연봉,고용형태,키워드,기업주소,필요역량
(주)잡뉴스솔로몬서치,기계·금속·재료,,경력10년↑,로봇제어," 서울특별시 서초구 방배로 39 1층 104호 (방배동,미주빌딩) ","


로봇 제어 엔지니어 (경력 10년이상) - IT 서비스 전문기업, 그룹 계열사 - 인크루트 채용













[의뢰사]- IT 서비스 전문기업, 그룹 계열사- 한국타이어 그룹,  IT 서비스 및 물류 안정화 지원 종합엔지니링 기업- 회사위치/ 근무지 : 경기도 판교 [채용내용]1. 채용부문 :     - 로봇 제어 엔지니어2. 담당업무 :    - 로봇 제어 프로그래밍       * 수직 다관절 로봇/ 물류 이송 시스템 등    - 모터 제어 알고리즘 설계 및 개발    - ROS 기반 각종 센서 장치 드라이버 개발    - 물류 자동화 시스템 구축 및 개발3. 채용직급 :    - 경력에 따라 결정4. 자격요건 :    - 4년제 대졸 이상 및 메카트로닉스, 로봇, 제어, 전자 등 관련 전공자 (석사 이상 우대)     - 관련경력 10년이상    - 우대사항 :       * Robotics 분야 개발에 능통한 자       * Embedded System 구성 및 소프트웨어 개발 경력자       * ROS/ ROS2 이용 로봇 SW 개발 경험자            5. 회사위치/ 근무지 :    - 경기도 판교 [전형방법]- 서류전형- 면접전형, 서류전형 합격자에 한하여 개별 통보[제출서류]- 한글이력서 : 사진첨부 및 희망직급, 희망연봉, 연락처 등 기재- 한글경력 및 자기소개서 : 경력 상세 작성- MSword 파일로 작성 [지원방법]- Online 시스템 지원 : Incruit- e-Mail 지원 : jirhee@jobnews.co.kr******@*******.*********@*******.***,  jaeinrhee@naver.com******@*******.*********@*******.***[근무여건]- 회사위치/ 근무지 : 경기도 판교 - 직급 및 연봉 : 면접시 경력에 따라 협의 결정- 회사복지 : 최고 수준==============================================================- (주)잡뉴스 H.R.Consulting  솔로몬서치- `미래와 신뢰`를 약속드리는 컨설턴트 이사 이 재 인- 전화 연락처 : 070-7712-9378,  ***-****-****                             - e-Mail : jirhee@jobnews.co.kr******@*******.*********@*******.***,  jaeinrhee@naver.com******@*******.*********@*******.***






"
(주)잡뉴스솔로몬서치,응용프로그래머,,경력3년↑,로봇제어," 서울특별시 서초구 방배로 39 1층 104호 (방배동,미주빌딩) ","


R&D, 제어 알고리즘 (대리-과장급) - 산업용 로봇 생산기업, 그룹계열사 - 인크루트 채용













[의뢰사]- 산업용 로봇 생산기업, 그룹계열사- 회사위치/ 근무지 : 경기도 분당[채용내용]1. 채용부문 :    - R&D, 제어 알고리즘2. 담당업무 ;    - 다관절 로봇 제어 알고리즘 개발3. 채용직급 :    - 대리~과장급4 자격요건 :    - 4년제 대졸이상 및 기계, 전자, 메카트로닉스 공학 계열 전공자    - 프로그래밍 스킬 (C++ 필수) 보유자    - Robot Kinematics, Dynamics에 대한 이해    - 로봇 모션, 힘, 감성 제어 개발 경험자    - 관련경력 3년이상    - 우대사항 :       * 로봇 모션, 힘, 강성제어 개발 경험자       * Mathlab 경험자5. 근무지 :    - 경기도 분당    [전형방법]- 서류전형- 면접전형, 서류전형 합격자에 한하여 개별 통보[제출서류]- 한글이력서 : 사진첨부 및 희망직급, 희망연봉, 연락처 등 기재- 한글경력 및 자기소개서 : 경력 상세 작성- MSword 파일로 작성 [지원방법]- Online 시스템 지원 : Incruit- e-Mail 지원 : jirhee@jobnews.co.kr******@*******.*********@*******.***,  jaeinrhee@naver.com******@*******.*********@*******.***[근무여건]- 근무지 :  경기도 분당 - 직급/ 연봉 : 접시 경력에 따라 협의 결정- 회사복지 : 최고 수준 ===========================================================================- (주)잡뉴스 H.R.Consulting  솔로몬서치- ""미래와 신뢰""를 약속드리는 컨설턴트 이사 이 재 인- 전화 연락처 : 070-7712-9378,  ***-****-****- e-Mail : jirhee@jobnews.co.kr******@*******.*********@*******.***,  jaeinrhee@naver.com******@*******.*********@*******.*** 






"
(주)피플케어코리아,"전자·반도체, 기계·금속·재료",,경력13~20년,로봇제어," 서울특별시 강남구 영동대로 511 (삼성동,트레이드타워) 27층, 33층 ","


자동차 차체설비 전기제어 로봇팀 팀장(부장급) - 2명 - 인크루트 채용

















우리 회사를 한 줄로 표현해주세요
우리 회사에 대해 4줄 이내로 소개해주세요

자동차 차체설비 전기제어 로봇팀 팀장(부장급) - 2명




모집부문 및 자격요건









모집부문
담당업무
자격요건
인원




자동차 차체설비 전기제어 로봇팀 팀장

[담당업무]	자동차 차체 설비 전기제어 설계 및 견적 검토	PLC 프로그래밍	HMI 프로그래밍	차체설비 로봇 시스템 적용[근무부서 및 직급/직책]직급/직책: 부장, 팀장


[자격요건]경력사항: 경력(13년 이상 20년 이하)학력사항: 대학교(4년)졸업직무기술: PLC, HMI, 차체설비 로봇 시스템 적용, 자동차 차체 설비 전기제어 설계 전기관련 전공자 자동차 차체설비 전기제어 경력 10년 이상자 책임감이 강하고 부서의 화합과 타 부서와의 협업을 중요시하는자 국내외 출장업무 가능자[우대사항]. 전공계열: 공학계열 / 전기관련 전공자 전기기사 1,2급 영어토익 700점 이상 인근 거주자

2 명





근무조건
고용형태: 정규직급여조건: 연봉 협의 후 결정


전형단계 및 제출서류
전형단계: 서류전형 > 면접진행 > 최종합격추가 제출서류이력서, 자기소개서


접수방법
2024-02-01 (목) 23시59분까지
접수방법: 인크루트 채용시스템, 이메일접수양식: 인크루트 이력서, 자사양식


기타 유의사항

입사지원서 및 제출서류에 허위사실이 있을 경우 채용이 취소될 수 있습니다.


00










"
메리텍산업,전자·반도체,,신입/경력(연차무관),로봇제어, 경기도 안산시 단원구 지원로115번길 23 (성곡동) ,"


자동화기기 전기제어 신입/경력(다관절로봇 티칭 우대) 모집 - 인크루트 채용

















우리 회사를 한 줄로 표현해주세요
메리텍산업
자동화기기 전기제어 신입/경력(다관절로봇 티칭 우대) 모집
우리 회사에 대해 4줄 이내로 소개해주세요




모집부문 및 자격요건









모집부문
담당업무
자격요건
인원




전기제어 경력자모집

[담당업무]전기제어, 다관절로봇(티칭) 조작가능자 우대[근무부서 및 직급/직책]근무부서: 설계팀직급/직책: 사원, 팀장


[자격요건]경력사항: 신입, 경력(연차무관)학력사항: 고등학교졸업직무기술: 전기기술자, 전기설계

1 명





근무조건
고용형태: 정규직(수습기간3개월)근무부서: 설계팀급여조건: 연봉 협의 후 결정


전형단계 및 제출서류
전형단계: 서류전형 > 면접진행 > 최종심사 > 최종합격추가 제출서류이력서에 연락처, 희망연봉 기재제출한 서류는 일체 반환하지 않음이력서, 자기소개서서류전형, 면접전형


접수방법
2024-02-03 (토) 23시59분까지
접수방법: 인크루트 채용시스템, 이메일접수양식: 인크루트 이력서


기타 유의사항

입사지원서 및 제출서류에 허위사실이 있을 경우 채용이 취소될 수 있습니다.


00










"
㈜에이트테크,"빅데이터·AI(인공지능), 소프트웨어·하드웨어, 전기·전자·통신기능",,신입/경력(연차무관),로봇제어," 인천광역시 서구 정서진로 410 D동 230호 (오류동,환경산업연구단지 본부동) ","


[IT/로봇] (주)에이트테크  AI, 로봇제어, 백엔드 개발 채용 - 인크루트 채용
















[IT/로봇] (주)에이트테크  AI, 로봇제어, 백엔드 개발 채용
에이트테크 소개]에이트테크는 올바른 자원 순환을 위해 수거된 자원을 종류별로 분리 후 가공을 거쳐 고품질의 재생원료로 탈바꿈하여, 다시 우리생활에 필요한 자원으로 되돌아오게 만들고자 첨단 IT기술과 환경이 결합된 회사입니다.[에이트테크의 현재]2020년 에이트테크는 재활용 선별 로봇인 '에이트론'을 개발하였습니다. 재활용선별장에서 손으로 선별하던 방식에서 인공지능을 기반으로한 에이트론이 직접 재활용을 분류하는 것입니다. 실제로, 인천 등 재활용선별장에서 상용화 되고 있습니다.[에이트테크의 미래]재활용품 분류를 위한 '스마트 공장 솔루션' 부터 효율적인 재활용이 가능하게 이끌어주는 '자원순환 플랫폼', 재활용된 자원을 활용하여 '재생의류' 생산까지 우리는 자원순환에 대한 일련의 과정을 만들어 갈 것입니다.당장의 편의를 위한 기술보다 더 먼 미래를 마주할 수 있는 기술을 개발하고자 하는 우리의 여정에 함께 하실 분을 찾고자 합니다! 




모집부문 및 자격요건









모집부문
담당업무
혜택 및 복지
인원




인공지능 개발자(석사 이상)로봇 제어/PLC/API기구 설계CS엔지니어/필드엔지니어

인공지능 개발자(석사이상)경력: 3년~5년(과장급)﻿주요업무ㆍ머신러닝을 활용한 데이터분석/모델 개발ㆍAI 알고리즘 센싱 및 연구ㆍ재활용 이미지 데이터 수집 및 분석우대사항ㆍAI, 영상처리,  FA자동화 소프트웨어 개발 경험자ㆍ딥러닝 프레임워크(tensorflow, pytorch) 사용이 능숙하신 분로봇제어/PLC/API경력: 2년~5년 (대리,과장급)주요업무ㆍ로봇 Program을 활용해 속도/동작 구현ㆍPLC전장 설계ㆍ장비 제어 소프트웨어 및 GUI Application  개발우대사항ㆍC++, C# 자동화 소프트웨어 개발 경험자ㆍ서보모터 제어 및 전장 설계 유경험자기구 설계경력: 3년~5년(대리,과장급)주요업무ㆍAutoCAD or Solidworks를 활용한 설계ㆍ로봇 frame, Vison Control Box 설계ㆍ렌더링 및 기구 설계ㆍ스마트공장 설계우대사항ㆍ기계설계(산업)기사ㆍ일반기계(산업)기사ㆍ전산응용기계제도기능사ㆍAutoCAD 또는 Solidworks 능숙하신 분CS엔지니어/필드엔지니어경력: 무관(신입 지원가능) (사원,대리급)주요업무ㆍ현장관리ㆍ유지보수우대사항ㆍ운전가능자


ㆍ수평적인 조직 문화ㆍ자유 복장ㆍ유연출근제 운영ㆍ자유로운 연차 사용ㆍ경조서 휴가 제공ㆍ최신 성능 컴퓨터 제공ㆍ듀얼 모니터 제공ㆍ모니터암 제공ㆍ시디즈 의자 제공ㆍ맛있는 간식, 음료 제공ㆍ교육비 지원

0 명





근무조건
고용형태: 정규직(수습기간3개월)근무부서: 기술개발팀인근전철역: 서울2호선 강남 (10번 출구에서 100m이내), 서울7호선 가산디지털단지 (7번 출구에서)급여조건: 연봉 협의 후 결정


전형단계 및 제출서류
전형단계: 서류전형 > 면접진행 > 최종심사 > 최종합격


접수방법
접수방법: 인크루트 채용시스템접수양식: 인크루트 이력서


기타 유의사항

입사지원서 및 제출서류에 허위사실이 있을 경우 채용이 취소될 수 있습니다.


00










"
(주)프로매치코리아,"전자·반도체, 기계·금속·재료, 응용프로그래머",,경력(연차무관),로봇제어," 서울특별시 강남구 테헤란로 333 10층 (역삼동,신도벤처타워) ","


반도체-로봇기업 컨트롤러 제어SW 개발/기구설계-IMP(임플란타)개발 과장-이사급 6명 - 인크루트 채용













* 인쿠르트 사﻿용하시는 분들 지원시 필수사항!!!  아직도 온라인 지원만 하시는 분이 있습니다. 인쿠르트 파일은 에러가 나오니 지원전에 문자(이메일주소)나 이메일로   이메일주소를 알려주시면 지원서를 송부드리겠습니다.(반드시 지켜주셔야 선택을 받습니다)  신속 진행을 위해 반드시 준수 부탁합니다. ***MS-WORD지원서가 필요합니다.메일 지원시 고객사번호,포지션명 기술 (예 : C29-01 해외영업)[등록일 : 01.08] - 미 채용시 최대 2개월까지 진행(지원전 사전에 문자나 이메일주소 부탁-지원서 발송건)* 연 단위로 이직횟수 많은 분은 지원 불가, 반드시 경력 매치되는 분만 지원 요망​반도체용 로봇 및 로봇 응용장비 개발/제조기업 채용건입니다.사원수 70명    설립일 1997(27년차)주요사업 : 반도체용 로봇 및 로봇 응용장비 개발/제조근무지 : 성남시 본사, 화성시 동탄연락주시는 분에게 지원서를 송부드립니다.아래를 클릭하시면 상세 채용 요건을 보실 수 있습니다.(추가 기업들 포지션 포함)==>C02-23 반도체용 로봇 및 로봇 응용장비 개발/제조 기업의 컨트롤러 제어SW 개발/기구설계-IMP(임플란타)개발 과장-이사급 6명이직 적은분 필수 : 인쿠르트 지원은 연락할 수 없습니다. (이력서 에러)-문자나 이메일로 이메일주소 연락주시는분에게 지원서 양식을 송부드립니다.지원서에 현재 및 최종 연봉/희망연봉/핵심역량, 경력 회사별 간략소개, 회사별 이직사유 명기 필수----------------------------------------------------------------------------""사람과 사업을 가치있게 하는 기업!""                            Active HR!----------------------------------------------------------------------------프로매치코리아 대표  송  찬 영***-****-****-e6947abcac72"">HR컨설팅사업부 / 대표컨설턴트                     H.P : ***-****-****E-mail : loveyou@promatch.co.kr******@*******.*** Home : http://www.promatch.co.kr               서울시 강남구 테헤란로 333, 신도벤처타워 10층----------------------------------------------------------------------------
문자나 상기 이메일로 연락주시면 지원서를 송부드리겠습니다.-지원 이력서를 회사 매치포지션 번호와 함께 저의 메일로 보내 주시면 되겠습니다. 이후 지원서를 검토후 상담드리겠습니다PDF파일이나 인쿠르트 이력서로 온라인 지원하시면 상담이 불가합니다.







"
(주)엑사로보틱스,응용프로그래머,,신입/경력(연차무관),로봇제어," 서울특별시 강남구 테헤란로 406 B동 203호 (대치동,샹제리제센터) ","


(주)엑사로보틱스 로봇 소프트웨어 개발 외 신입/경력 정규직 채용 - 인크루트 채용















(주)엑사로보틱스
로봇 소프트웨어 개발 외 신입/경력 정규직 채용



모집부문 및 자격요건






모집부문
담당업무
자격요건
인원




기술연구팀(시스템 설계/제어 개발, 딥러닝, 로봇기구설계, sw엔지니어, SlAM & Navigation Engineer)

[담당업무]업무 부문별 모집 채용시스템 설계/제어 개발	ㆍ로봇 시스템 설계/제어ㆍ모터 제어ㆍ구동부, 제어부, 센서부 SISLAM & Navigation EngineerㆍSLAM 알고리즘 개발ㆍ위치 측위 알고리즘 개발ㆍ경로 생성 알고리즘 개발ㆍ실내 자율주행 로봇 소프트웨어 개발Robotics Perception Engineerㆍ실내외 자율 주행 로봇의 주행로 및 장애물 인식을 위한 딥러닝 기반 Semantic segmentation, Object detection 기술 연구기구 개발ㆍ모빌리티 로봇 기구 설계/ 개발SW 엔지니어ㆍ모빌리티 로봇 SW 개발[근무부서 및 직급/직책]근무부서: 기술연구팀직급/직책: 연구원


[자격요건]경력사항: 신입, 경력(연차무관)학력사항: 대학교(4년)졸업 이상직무기술: 로봇제어, 로봇설계, 알고리즘개발, 소프트웨어개발, 로봇기구설계학력 : ㆍ기계공학계열, 전기, 전자, 제어, 로봇, 소프트웨어 공학 관련 학과의 학위(학사/석사/박사) 소지자경력 : ㆍ로봇 SI 또는 모터제어, 전자회로 관련업종 경력 3년 이상ㆍ로봇(기계 계열) 개발 경력 3년 이상ㆍ3D 설계 가능(Pro-E)ㆍSoftware Engineer 3년 이상 경력ㆍC++개발 경력자 (C, Python 등 다양한 언어 지식보유자)ㆍArchitect & Design SoftwareㆍEmbedded Software개발 경력자ㆍ다양한 언어 기반의 실무 지식(경험) 보유자우대사항 :ㆍComputer vision, Image processing, Machine learning 등 관련 기술에 대한 이해ㆍ멀티 카메라 및 이종 센서 사용 경험ㆍ딥러닝 사용 경험ㆍROS / ROS 2 개발 경험ㆍLocalization 및 Path Planning 관련 개발 유경험자ㆍVisual Odometry & SLAM 관련 개발 유경험자ㆍROS / ROS2 개발 유경험자ㆍModern C++ 프로그래밍 개발 유경험자

0 명





근무조건
고용형태: 정규직(수습기간2개월)근무부서: 기술연구팀급여조건: 면접 후 결정 및 조율 가능근무알시: 주 5일(월~금) 09:30~18:30


전형단계 및 제출서류
전형단계: 서류전형 > 면접진행 > 2차면접진행 > 최종합격추가 제출서류: 이력서, 자기소개서


접수방법
채용시
접수방법: 인크루트 채용시스템접수양식: 인크루트 이력서


기타 유의사항

입사지원서 및 제출서류에 허위사실이 있을 경우 채용이 취소될 수 있습니다.











"
(주)유비소시어스,광학·의료장비,,경력10년↑,로봇제어," 서울특별시 금천구 가산디지털2로 123 월드메르디앙2차 1110호, 1116호 ","


코스닥상장 중견기업, 수술로봇 개발팀장 모집 - 인크루트 채용














코스닥상장 중견기업, 수술로봇 개발팀장 모집본 공고에 지원하시면 성심성의껏  진행하겠습니다.




모집부문 및 자격요건






모집부문
담당업무
자격요건 및 우대사항
인원




수술로봇 개발[포지션]- 수술로봇 개발팀장(부장급)[담당업무]* 하기 업무에 전문성을 가지고 로봇 시스템 개발을 리드- 로봇 시스템 개발, Architecture 설계- 로봇 제어 개발

[자격조건]- 학사이상- 전기 전자, 기계, 컴퓨터, 로보틱스 분야 전공자- 로봇 또는 장비 제어 시스템 개발 경력 10년 이상[우대사항]- 석사이상- 관련학과 전공자 우대- 양산 제품 개발 경험 우대- 제품 개발 프로세스 경험 우대- 품질 프로세스 이해자 우대 (국제 표준 및 의료기기 개발 프로세스)[기타사항]- 정규직, 주 5일 근무- 근무지 : 서울 송파구 문정역 근처 

1 명





근무조건
고용형태: 정규직 주 5일 근무근무지: 서울 송파구 문정역 근처, 참고로 서울시 금천구는 HR컨설팅회사 위치입니다.근무부서: 개발팀급여조건: 연봉 협의 후 결정


전형단계 및 제출서류
전형단계: 서류전형 > 면접전형 > 최종심사 > 최종합격


접수방법
채용시 마감
접수방법: 인크루트 채용시스템접수양식: 인크루트 이력서, 자유양식담당자 : 오기범 파트너(전무)연락처 : ***-****-****이메일 : linkhuman@naver.com******@*******.*** / gboh@ubsocius.com******@*******.***


기타 유의사항

입사지원서 및 제출서류에 허위사실이 있을 경우 채용이 취소될 수 있습니다.














"
현대자동차(주),"소프트웨어·하드웨어, 데이터베이스·DBA, 시스템프로그래머",,경력3년↑,로봇제어, 서울특별시 서초구 헌릉로 12 (양재동) ,"


Robotics Engineer [ 서비스 로봇 제어 ] - 인크루트 채용













조직소개로보틱스랩은 로보틱스 기술을 바탕으로 다양한 분야의 전문가들이 하나의 팀을 이루어 로봇 제품을 개발하고 있으며,사람과 함께 할 수 있는, 자체 개발을 통해 차별화된, 나아가 로봇이 존재하는 공간에서의 모든 서비스를 제공하는 로봇으로 확장 가능한 기술을 지향하고 있습니다.그 중 우리 조직은 사람의 편의를 돕고, 사람들에게 서비스를 해 줄 수 있는 첨단 로봇 개발을 추진하고 있으며, 로봇 전문가로서 성장할 수 있는 기회를 제공하고 있습니다.서비스 로봇 기계 설계 및 제어, 테스트 장비 설계 및 제어, 센서 통합장치 개발, 서비스 로봇 회로 설계, 모터 드라이버 설계, 모바일/매니퓰레이터 설계 및 제어 등을 연구 개발하고 있습니다.또한 플랫폼, 기획, 사업 운영 전문가들과 함께 협업하여 기초연구부터 양산개발까지 진행하고 있습니다.우리 로보틱스랩에서는새로운 모빌리티를 함께 만들어 나갈 여러분의 지원을 기대하고 있습니다.더 자세한 정보는 로보틱스랩 웹사이트에서 확인해 보세요.(https://robotics.hyundai.com/)직무상세· 서비스 로봇 SW 개발 및 제어 아키텍처 구축· 서비스 로봇 제어 (매니퓰레이터 or 이동 알고리즘)· SW 기능 검증 및 테스트[임베디드 SW 개발]- SW 개발 방법론 이해 및 관련 Tool 활용- SW Architecture 개념 이해 및 활용- 임베디드 시스템 개념 이해 및 활용[제어 아키텍처 구축]- 신뢰성 높은 고속 제어 로봇 시스템 아키텍쳐 구축- 모터 제어 및 센서 측정을 위한 다양한 입출력 인터페이스 구현 및 검증- 모듈화, 객체 지향 프로그래밍을 통해 재사용성 확보[매니퓰레이터 제어][- Visual Servoing 기술 개발- 센서를 통한 물체 인식, 파지 기술 개발- 물체 조작 기술 개발- 순응 제어 기술 개발[이동 알고리즘 개발]- Path planning, motion control 기술 개발- 군집 로봇 제어 알고리즘 개발- 회피 경로 생성 알고리즘 개발- LiDAR, RGB-D based SLAM 기술 개발""[SW 검증]- SW 기능/구조 검증/최적화- 결함 관리 및 리뷰- 단위/통합 Test Case 작성""지원자격· 석사 이상의 학위 보유자· 기계공학, 컴퓨터 공학, 전자공학 계열 전공자· 유관 분야 3년 이상 업무 경험 보유자· 로봇 제어 SW, 임베디드 SW 개발 경험 보유자· SW 검증 경험 보유자· C/C++, Python, MATLAB (Simulink) 활용 능력 보유자· 최종합격 후, 회사가 지정하는 입사일에 입사 가능하신 분· 해외여행에 결격 사유가 없는 분 (남성의 경우, 회사가 지정한 입사일까지 병역을 마쳤거나 면제되신 분)우대사항· 박사 이상의 학위 보유자· 비즈니스 영어 활용 우수자· 유관분야 5년 이상 업무 경험 보유자· 로보틱스 제어 아키텍쳐 구축/ 매니퓰레이터 제어/ 모터 제어/ 임베디드 시스템 구축/ 로봇 양산 경험 보유자· 로봇 Navigation, SLAM 알고리즘 개발 경험 보유자· 매니퓰레이터 제어 경험 보유자· 로봇 Frontend 개발경험 및 로봇 양산경험 보유자· ROS2 ,Linux, Embedded, RTOS 활용 능력 보유자전형단계1. 서류전형2. Pre-Interview3. 직무면접4. 종합면접5. 채용검진6. 입사기타· 본 공고는 지원서 제출 순서에 따라 전형이 진행되며, 상세 일정은 전형 별 합격자에 한하여 개별 안내드릴 예정입니다. (채용 완료 시 공고가 조기 종료될 수 있습니다.)· 지원서를 포함한 채용 전형 전 과정에서 제출한 내용이 사실과 다르거나 문서로 증빙이 불가할 경우, 혹은 고의적인 기재사항 누락이 확인될 경우 합격이 취소되거나 전형 상의 불이익을 받을 수 있습니다.· 공고 내 직급 수준은 예상 직급으로 변동 가능성이 있으며, 개인별 경력 및 평가를 고려하여 처우협의 과정을 통하여 최종 확정됩니다.· 지원서 접수는 현대자동차 채용 홈페이지를 통해 접수하며, 그 외의 개별 접수는 받지 않습니다.· 취업보호대상자(장애, 보훈 등)는 관계 법령에 의거하여 우대합니다.· 회사 내규상 정상근무가 불가능할 경우 합격이 취소되거나 전형상의 불이익을 받을 수 있습니다.· 채용관련 문의는 ‘1:1 문의하기’ 를 통한 접수 부탁드립니다.






"
(주)피플스카우트,"응용프로그래머, 시스템프로그래머",,경력3~15년,로봇제어, 서울특별시 마포구 삼개로 16 근신빌딩 2신관 501호 (도화동) ,"


[대기업/그룹사]로보틱스&제어 엔지니어/대리-차장급 - 인크루트 채용













◈ 추천회사- 국내 유명 스마트 농업 플랫폼 전문회사(대기업/그룹사 게열)* 국내 Top 농업 및 임업용 기계 제조업 그룹사 계열 ◈ 포지션- [대기업/그룹사]로보틱스&제어  엔지니어/대리-차장급                                         ◈ Job description:  - 로봇 및 차량 시스템의 설계, 개발, 테스트 및 최적화 - 실시간 로봇 및 차량 제어 시스템의 구현 - 다양한 하드웨어 및 소프트웨어 플랫폼과의 인터페이스 개발 ◈ Requirement capability- 학력: 초 대졸 이상자- 경력: 관련 직무 경력 3년 이상자 - CAN/SPI/LAN/GPIO 핸들링 능력 - 임베디드 시스템에 대한 이해 - C/C++, Python 등 프로그래밍 능력 보유자 - RTOS 기반 메인 컨트롤 SW 개발 능력 보유자  - 제어 시스템에 대한 실무 경험  [우대사항]` - 관련 업무 경력 3년이상 - 로봇공학, 기계공학, 전기전자공학, 컴퓨터공학 또는 관련 분야 석사 이상  - 다양한 센서(GPS, IMU, LiDAR, Camera)를 활용한 업무 수행 경험 - SLAM 연구 개발 경험자 - 인공지능, 머신러닝, 컴퓨터 비전에 대한 지식 보유자 [근무지]서울시 서초구 소재  ◈제시 연봉 : 경력에 따라 협의<전형절차>- 서류전형 -≫ 1차면접(실무) -≫ 임원면접 -≫ 최종합격  ◈ 제출서류  - 국문이력서 (자기소개 및 경력기술 내용포함) 1개 파일로 제출요망  - 포토폴리오(해당자에 한함)  - 이력서 제출시 최종연봉,희망연봉 필수 기재,   - 문서이름은 “지원분야?성명”으로 표기  - 경력기술서 작성시 보유기술 및 경험직무에 대해서 상세 기술 요망  ◈ 제출기한 및 근무가능일 : ASAP(채용시 마감)  ◈ 접수방법 ; [담당자 : 임정우 본부장]- e-mail 접수 : hunter@peoplescout.co.kr******@*******.*** - 제출기한 : 선착순 E-mail 접수 분에 한합니다.- 전화문의 : ***-****-**** / ***-****-****- 합격통보 : 합격자에 한하여 개별 연락드리오니 양해바랍니다.






"
(주)마젠타로보틱스,"응용프로그래머, 연구원·연구개발, 기계·금속·재료",,신입/경력(연차무관),로봇제어," 대전 유성구 가정로 218 13동 705호 (가정동,융합기술연구생산센터)    ","


필드 엔지니어(FAE/기술지원) 채용 - 인크루트 채용
















(주)마젠타로보틱스는 널리 사람을 이롭게 하는 로봇을 만드는 기업입니다.
마젠타로보틱스의 주요 서비서는 서비스로봇, Smart Factory,로봇 SW로 분류할 수 있으며 그 중 대표적인 제품으로는 서비스 로봇 GT 시리즈가 있습니다.(주)마젠타로보틱스
필드 엔지니어(FAE/기술지원) 채용




모집부문 및 자격요건









모집부문
담당업무
자격요건
인원




필드 엔지니어(FAE/기술지원) 채용(판교연구소)

- FAE / 기술 지원- 로봇 자동화 시스템- 장비 셋업 및 유지 보수- 로봇 제어


[자격요건]경력사항: 신입, 경력(연차무관)학력사항: 학력무관[우대사항]- 컴퓨터 / 시스템공학- 전기 / 전자공학- 기계공학/ 메카트로닉스- Linux, Ubuntu, Python 중 1개 이상 프로그래밍 유경험자- ROS / ROS2 유경험자
0 명





근무조건
고용형태: 정규직(수습기간3개월)근무부서(근무지): 경기도 성남시 분당구 판교로 289번길20, 3동2층 디지털 오픈랩 15,16호급여조건: 연봉 협의 후 결정


전형단계 및 제출서류
전형단계: 서류전형 > 면접진행 > 최종심사 > 최종합격이력서, 자기소개서


접수방법
2023-02-25 (토) 23시59분까지
접수방법: 인크루트 채용시스템접수양식: 인크루트 이력서


기타 유의사항

입사지원서 및 제출서류에 허위사실이 있을 경우 채용이 취소될 수 있습니다.


00










"
쓰리핸즈,"소프트웨어·하드웨어, 응용프로그래머",,경력2~10년,로봇제어," 서울특별시 서초구 바우뫼로 222 (양재동,영진빌딩) ","


[ Planning & Control Engineer ] 자율주행 로봇 배달 플랫폼 - 인크루트 채용

















[ Planning & Control Engineer ] 자율주행 로봇 배달 플랫폼
우리 회사를 한 줄로 표현해주세요
우리 회사에 대해 4줄 이내로 소개해주세요




모집부문 및 자격요건









모집부문
담당업무
자격요건
인원




Planning & Control Engineer

[담당업무]○ 실외 자율주행 로봇의 이동 경로 생성 알고리즘 개발○ 모바일 로봇의 모션 제어 시스템 개발○ 개발된 알고리즘 및 시스템에 대한 성능 향상 및 안정성 평가[제출서류]○ 이력서(경력기술서)○ 포트폴리오(면접 시 자기소개에 활용)○ Github / 논문 / 블로그(기술 스택을 알 수 있는 자료)


[자격요건]○ 컴퓨터 공학, 전기/전자 공학, 기계 공학 또는 관련 분야에서의 학사 또는 석사 학위○ 프로그래밍에 대한 우수한 이해와 경험○ C / C++ 프로그래밍 언어에 대한 이해○ ROS(로봇 운영체제) 또는 기타 로봇 프레임워크에 대한 경험[우대사항]○ 경로 계획 알고리즘 / 제어 시스템 개발 관련 경험○ Linux / Embedded 시스템에서의 개발 경험○ 다양한 센서에 대한 사용 경험○ 체계적인 문서 작업/관리 경험○ 영어 / 한국어에 대한 커뮤니케이션 스킬

0 명





근무조건
고용형태: 정규직급여조건: 연봉 협의 후 결정


전형단계 및 제출서류
전형단계: 서류전형 > 면접진행 > 최종심사 > 최종합격추가 제출서류이력서, 자기소개서


접수방법
채용시
접수방법: 인크루트 채용시스템, 이메일접수양식: 인크루트 이력서, 자유양식


기타 유의사항

입사지원서 및 제출서류에 허위사실이 있을 경우 채용이 취소될 수 있습니다.


00










"
(주)피플스카우트,"전자·반도체, 응용프로그래머",,경력5~15년,로봇제어, 서울특별시 마포구 삼개로 16 근신빌딩 2신관 501호 (도화동) ,"


[반도체용 로봇 제조사] 전장제어 그룹장 - 인크루트 채용













◈ 추천회사 소개- 국내 유명 반도체용 로봇 및 로봇 응용장비 개발 전문회사* 연 매출액: 500억원 / 사원수: 70명 ◈ 포지션- [반도체용 로봇 제조사]전장제어 그룸장 ◈ 담당 업무:* 직무
- PMAC Controller 제어 프로그램 개발 (PLC)
- Yaskawa Controller 제어 프로그램 개발 (PLC)
- 윈도우 응용프로그램 개발
- 전장 관련 업무 지휘 * 업무내용
- PMAC 환경 장비제어 프로그램
- Yaskawa PLC 프로그램
- C++/C# 등 PC 제어 프로그램
- 전장팀, 제어팀 지휘 관리  ◈ Requirement capability- 4년제 대졸 이상자- 경력: PC, PLC 프로그램 개발 경력 5년 -15년차 이내자- 전공: 제어공학, 계측제어,로봇공학, 기계공학, 메카트로닉스 등 관련 전공자* 필요지식/기술 - 프로그램 개발
- 전장(배선, 부품)지식 보유 - 이직이 잦지 않는 자[우대사항]- Visual studio 유경험자 (C++, C#, etc)
- 전장설계등 기본적인 전장관련 지식 보유 - 최종 합격 후 빠른 시일 내 출근 가능자  [근무지]경기도 성남시 중원구 소재  ◈제시 연봉 : 경력에 따라 협의(5,000만원 -1억원 선) ◈ 제출서류  - <이력서 및 자기소개서, 경력기술서> /(국문) 1 파일로 제출요망  - 포토폴리오(해당자에 한함)  - 이력서 제출시 최종연봉,희망연봉 필수 기재, 문서이름은 “지원분야-성명”으로 표기  - 경력기술서 작성시 보유기술 및 경험직무에 대해서 상세 기술 요망  ◈ 제출기한 및 근무가능일 : ASAP(채용시 마감) ◈ 접수방법 ; [담당자 : 임정우 본부장]- e-mail 접수 : hunter@peoplescout.co.kr******@*******.*** - 제출기한 : 선착순 E-mail 접수 분에 한합니다.- 전화문의 : ***-****-**** / ***-****-****- 합격통보 : 합격자에 한하여 개별 연락드리오니 양해바랍니다.






"
(주)마젠타로보틱스,"응용프로그래머, 소프트웨어·하드웨어, 빅데이터·AI(인공지능)",,신입/경력(연차무관),로봇제어," 대전 유성구 가정로 218 13동 705호 (가정동,융합기술연구생산센터)    ","


판교 연구소 필드 엔지니어(FAE/기술지원) 채용공고 - 인크루트 채용
















(주)마젠타로보틱스는 널리 사람을 이롭게 하는 로봇을 만드는 기업입니다.
(주)마젠타로보틱스
판교 연구소 필드 엔지니어(FAE/기술지원) 채용공고 
 주요 서비스는 서비스로봇, Smart Factory, 로봇 SW로 분류할 수 있으며 그 중 대표적인 제품으로는 서비스 로봇 GT 시리즈가 있습니다.




모집부문 및 자격요건









모집부문
담당업무
자격요건
인원




필드엔지니어(FAE/기술지원)

[담당업무]-FAE/ 기술지원-로봇자동화 시스템장비 Set up 및 유지보수-로봇제어[근무부서 및 직급/직책]근무부서: 부설연구소(판교)직급/직책: 연구원, 선임연구원


[자격요건]경력사항: 신입, 경력(연차무관)학력사항: 학력무관[우대사항]- 컴퓨터/시스템공학, 전기/전자공학, 기계공학/ 메카트로닉스 - Linux, Ubuntu, Python 중 1개 이상 프로그래밍 유경험자 - ROS/ROS2 유경험자

00 명





근무조건
고용형태: 정규직(수습기간3개월)근무부서: 부설연구소(판교)급여조건: 연봉 협의 후 결정


전형단계 및 제출서류
전형단계: 서류전형 > 면접진행 > 최종심사 > 최종합격추가 제출서류이력서, 자기소개서


접수방법
2023-02-25 (토) 23시59분까지
접수방법: 인크루트 채용시스템접수양식: 인크루트 이력서, 자유양식


기타 유의사항

입사지원서 및 제출서류에 허위사실이 있을 경우 채용이 취소될 수 있습니다.


00










"
(주)피플스카우트,전자·반도체,,경력5~15년,로봇제어, 서울특별시 마포구 삼개로 16 근신빌딩 2신관 501호 (도화동) ,"


[반도체용 로봇 제조사]전장제어(PC/PLC)/ 팀장 1명, 팀원 1명 - 인크루트 채용













◈ 추천회사 소개- 국내 유명 반도체용 로봇 및 로봇 응용장비 개발 전문회사* 연 매출액: 500억원 / 사원수: 70명 ◈ 포지션- [반도체용 로봇 제조사]전장제어(PC/PLC)/ 팀장 1명, 팀원 1명 ◈ 담당 업무:* 직무  - PMAC Controller 제어 프로그램 개발 (PLC) - Yaskawa Controller 제어 프로그램 개발 (PLC)
- 윈도우 응용프로그램 개발* 업무내용 - PMAC 환경 장비제어 프로그램  - Yaskawa PLC 프로그램
- C++/C# 등 PC 제어 프로그램 ◈ Requirement capability- 4년제 대졸 이상자- 경력: PC, PLC 프로그램 개발 경력 5년 -15년차 이내자- 전공: 제어공학, 계측제어,로봇공학, 기계공학, 메카트로닉스 등 관련 전공자* 필요지식/기술 - 프로그램 개발
- 전장(배선, 부품)지식 보유 - 이직이 잦지 않는 자[우대사항]- Visual studio 유경험자 (C++, C#, etc)
- 전장설계등 기본적인 전장관련 지식 보유 - 최종 합격 후 빠른 시일 내 출근 가능자  [근무지]경기도 성남시 중원구 소재  ◈제시 연봉 : 경력에 따라 협의(5,000만원 -1억원 선) ◈ 제출서류  - <이력서 및 자기소개서, 경력기술서> /(국문) 1 파일로 제출요망  - 포토폴리오(해당자에 한함)  - 이력서 제출시 최종연봉,희망연봉 필수 기재, 문서이름은 “지원분야-성명”으로 표기  - 경력기술서 작성시 보유기술 및 경험직무에 대해서 상세 기술 요망  ◈ 제출기한 및 근무가능일 : ASAP(채용시 마감) ◈ 접수방법 ; [담당자 : 임정우 본부장]- e-mail 접수 : hunter@peoplescout.co.kr******@*******.*** - 제출기한 : 선착순 E-mail 접수 분에 한합니다.- 전화문의 : ***-****-**** / ***-****-****- 합격통보 : 합격자에 한하여 개별 연락드리오니 양해바랍니다.






"
로보트로,"기계·금속·재료, 전자·반도체",,경력(연차무관),로봇제어," 경기도 부천시 평천로 655 (약대동,부천테크노파크4단지) 401동 902호 로보트로 ","


기계설계, 메카트로닉스 외 경력 정규직 채용 - 인크루트 채용
















로보트로
기계설계, 메카트로닉스 외 경력 정규직 채용



모집부문 및 자격요건






담당업무
자격요건
인원





[담당업무][기계·설계·로봇·메카트로닉스]- 관련학과 졸업자 또는 자격증 소지자 우대 - 기계설계, 기계공학, 자동화분야 등 공학계열 관련학과 졸업자- 산업용 로봇 기구 설계- 생산설비, 생산기술/제조기술 유경험자- 기구설계/전장제어설계 유경험자- CAD 설계 및 도면 해독 가능자[근무부서 및 직급/직책]근무부서: 로봇 개발팀


[자격요건]경력사항: 경력(연차무관)학력사항: 대학(2,3년)졸업 이상직무기술: 기구설계, 메카트로닉스, CAD기타: [기계·설계·로봇·메카트로닉스]- 관련학과 졸업자 또는 자격증 소지자 우대 - 기계설계, 기계공학, 자동화분야 등 공학계열 관련학과 졸업자- 산업용 로봇 기구 설계- 생산설비, 생산기술/제조기술 유경험자- 기구설계/전장제어설계 유경험자- CAD 설계 및 도면 해독 가능자[우대사항]전공계열: 공학계열우대사항: 인근거주자

0 명





근무조건
고용형태: 정규직근무부서: 로봇 개발팀인근전철역: 서울7호선 부천시청 (4번 출구에서 1km이내), 서울1호선 송내 (2번 출구에서 3km이내)급여조건: 연봉 협의 후 결정


전형단계 및 제출서류
전형단계: 서류전형 > 면접진행 > 최종심사 > 최종합격추가 제출서류이력서에 연락처, 희망연봉 기재제출한 서류는 일체 반환하지 않음이력서, 자기소개서서류전형, 면접전형


접수방법
채용시
접수방법: 인크루트 채용시스템, 이메일, 전화/휴대폰접수양식: 인크루트 이력서


기타 유의사항

입사지원서 및 제출서류에 허위사실이 있을 경우 채용이 취소될 수 있습니다.














"
(주)프로매치코리아,"연구원·연구개발, 전자·반도체",,경력(연차무관),로봇제어," 서울특별시 강남구 테헤란로 333 10층 (역삼동,신도벤처타워) ","


로봇응용장비 개발사의 콘트롤러 제어SW개발 대리-차부장 팀장급 3명 - 인크루트 채용













* 인쿠르트 사﻿용하시는 분들 지원시 필수사항!!!  아직도 온라인 지원만 하시는 분이 있습니다. 인쿠르트 파일은 에러가 나오니 지원전에 문자(이메일주소)나 이메일로   연락주시면 지원서를 송부드리겠습니다.(반드시 지켜주셔야 선택을 받습니다)  신속 진행을 위해 반드시 준수 부탁합니다. ***MS-WORD지원서가 필요합니다.메일 지원시 고객사번호,포지션명 기술 (예 : C29-01 해외영업)[등록일 : 12.28] - 미 채용시 최대 2개월까지 진행(지원전 사전에 문자나 이메일주소 부탁-지원서 발송건)* 연 단위로 이직횟수 많은 분은 지원 불가, 반드시 경력 매치되는 분만 지원 요망반도체용 로봇 및 로봇 응용장비 개발/제조사 채용건입니다.반도체·디스플레이·광학    사원수 70명    설립일 1997(27년차)주요사업 : 반도체용 로봇 및 로봇 응용장비 개발/제조근무지 : 성남시 상대원동 본사아래 내용을 클릭하시면 상세 채용 요건을 보실 수 있습니다.==>C02-23 반도체용 로봇 응용장비 개발/제조기업의 콘트롤러 제어SW개발 대리-차부장급 3명* 제출서류1) 지원서 양식 (MS-word파일) - 연락주시는 분께 지원서 양식 송부드립니다.​이직 적은분 필수 : 인쿠르트 지원은 연락할 수 없습니다. (이력서 에러)-문자나 이메일로 연락주시는분에게 지원서 양식을 송부드립니다.지원서에 현재 및 최종 연봉/희망연봉/핵심역량, 경력 회사별 간략소개, 회사별 이직사유 명기 필수----------------------------------------------------------------------------""사람과 사업을 가치있게 하는 기업!""                            Active HR!----------------------------------------------------------------------------프로매치코리아 대표  송  찬 영***-****-****-e6947abcac72"">HR컨설팅사업부 / 대표컨설턴트                     H.P : ***-****-****E-mail : loveyou@promatch.co.kr******@*******.*** Home : http://www.promatch.co.kr               서울시 강남구 테헤란로 333, 신도벤처타워 10층----------------------------------------------------------------------------
문자나 상기 이메일로 연락주시면 지원서를 송부드리겠습니다.-지원 이력서를 회사 매치포지션 번호와 함께 저의 메일로 보내 주시면 되겠습니다. 이후 지원서를 검토후 상담드리겠습니다PDF파일이나 인쿠르트 이력서로 온라인 지원하시면 상담이 불가합니다.







"
(주)프로매치코리아,"전자·반도체, 구매·자재, 응용프로그래머",,경력(연차무관),로봇제어," 서울특별시 강남구 테헤란로 333 10층 (역삼동,신도벤처타워) ","


IT서비스기업 물류자동화 SCM,SAP ABAP MM,PP 개발,운영/로봇 제어 엔지니어/JAVA 솔루션 R - 인크루트 채용













[등록일 : 01.19] - 미 채용시 최대 2개월까지 진행(지원전 사전에 문자로 이메일주소 부탁-지원서 발송건)* 연 단위로 이직횟수 많은 분은 지원 불가, 반드시 경력 매치되는 분만 지원 요망동사는 2000년대 설립한 000그룹 계열사로서, IT서비스 및 물류자동화를 지원하는 종합엔지니어링 회사입니다. 디지털 솔루션 기업으로 영향력을 확장하고 있습니다.​A.물류 SCM PL 과장급- 자사 솔루션 기반 고객사 물류관리시스템 구축- 개발리딩, 업무분석/설계, DB설계(엔티티 레벨)[필수자격]- 개발 경력 6년 이상 (Java)- 업무 분석/설계 가능자  (공공사업, SI사업, 물류사업 무관)- WMS, TMS, OMS 개발 경험자[우대자격]- DB 이해도/경험 높은 사람 우대* 고객사 프로젝트에 따라 출장이 발생할 수 있음​B.SAP ABAP MM,PP 개발,운영 대리-과장급- 그룹사 SAP 시스템 운영/개발 (MM or PP 모듈)[필수자격] - ABAP 개발 경력 3년 이상 - 관련 모듈 경험자(MM,PP 中 1개 모듈 이상) - Configuration 및 ABAP 개발 가능자[우대자격] - SM업무 경험자 우대​C.로봇 제어 엔지니어 과차장급- 로봇 제어 프로그래밍  (수직 다관절 로봇/물류 이송 로봇 등)- 모터 제어 알고리즘 설계 및 개발- ROS기반 각종 센서 장치 드라이버 개발- 물류 자동화 시스템 구축 및 개발[필수자격] - 관련 경력 10년 이상   ※ 경력에 따라 팀장 직급으로도 채용 가능[우대자격]- Robotics 분야 개발에 능통한 자- Embedded System 구성 및 소프트웨어 개발 경력자- ROS/ROS2 이용 로봇 SW 개발 경험 보유자- AI관련 경험자학사이상(석사 이상우대)/ 메카트로닉스,로봇,제어,전자 관련 전공 우대​D.JAVA 솔루션 R&D 과차장급 2명- 자사 솔루션 R&D(연구개발) 및 기능개선[필수자격]- 10년 이상의 프로그래밍 관련 경험- JAVA, javascript, JQuery 등의 프로그래밍 언어 사용 능력- Spring(Spring boot), iBatis 등 프레임워크 사용 경험- DB 및 SQL, PL/SQL 사용 경험자[우대자격]- vue.js  사용 경험- 솔루션 구축, 개발 경험- CI/CD 구축 경험- 시스템 간 인터페이스 개발 경험​서류전형-코딩테스트-1차면접-인성검사-2차면접(채용검진)-처우협의-최종합격​근무지 : 판교(본사)아래를 클릭하시면 상세 채용 요건을 보실 수 있습니다.(추가 기업들 포지션 포함)==>C101-05 IT서비스,물류자동화 기업의 물류 SCM,SAP ABAP MM,PP 개발,운영/로봇 제어 엔지니어/JAVA 솔루션 R&D 과차장급 5명이직 적은분 필수 : 인쿠르트 지원은 연락할 수 없습니다. (이력서 에러)-문자로 이메일주소 연락주시는분에게 지원서 양식을 송부드립니다.지원서에 현재 및 최종 연봉/희망연봉/핵심역량, 경력 회사별 간략소개, 회사별 이직사유 명기 필수----------------------------------------------------------------------------""사람과 사업을 가치있게 하는 기업!""                            Active HR!----------------------------------------------------------------------------프로매치코리아 대표  송  찬 영***-****-****-e6947abcac72"">HR컨설팅사업부 / 대표컨설턴트                     H.P : ***-****-****E-mail : loveyou@promatch.co.kr******@*******.*** Home : http://www.promatch.co.kr               서울시 강남구 테헤란로 333, 신도벤처타워 10층----------------------------------------------------------------------------







"
주식회사리얼게인,"기계·금속·재료, 원자력·우주·조선·철강, 연구원·연구개발",,신입/경력(연차무관),로봇제어," 경기도 안양시 만안구 덕천로152번길 25 B동 13층 (안양동,아이에스비즈타워센트럴) ","


기술연구소, 기계설계 외 신입/경력  채용 - 인크루트 채용

















원자력발전소 계측제어설비 국산화에 앞장서는
주식회사 리얼게인
기술연구소, 기계설계 외 신입/경력  채용




모집부문 및 자격요건









모집부문
담당업무
자격요건
인원




기술연구소HW개발연구원[담당업무]HW 연구 개발- 신입 및 경력 ( ○명 )담당업무 (신입)ㆍ하기 업무 중 일부 수행 가능자 지원 가능 - 아날로그 회로설계 - 디지털 회로설계- Stm32 등 임베디드 시스템  개발자 - Altera FPGA 또는 자이링스 FPGA 개발자   - Actel FPGA 개발자자격요건 ㆍ학력 : 이공계 학ㆍ석ㆍ박사 학위 취득 5년 이내인 분 (당해 졸업예정자 가능)ㆍ경력 : 경력무관우대사항ㆍ원자력 계측제어 업무 유경험자ㆍ관련 자격증 보유자ㆍ관련 학과 전공자ㆍ자격증 : 전기기사, 전기공사기사, 전기산업기사, 전기공사산업기사ㆍ전공 : 기계·메카트로닉스·로봇, 전기·전자공학, 제어계측공학담당업무 (경력)ㆍ하기 업무 중 일부 수행 가능자 지원 가능 - 아날로그 회로설계 - 디지털 회로설계- Stm32 등 임베디드 시스템  개발자 - Altera FPGA 또는 자이링스 FPGA 개발자- Actel FPGA 개발자자격요건ㆍ학력 : 이공계 학ㆍ석ㆍ박사 학위ㆍ경력 : 학위 취득 후 연구/개발경력이 학사 5년, 석사 3년, 박사(경력무관) 이상인 분우대사항ㆍ원자력 계측제어 업무 유경험자ㆍOrcad 사용가능자ㆍPads 사용가능자ㆍSCI 등재 논문작성 경험자 ㆍ관련 자격증 보유자ㆍ관련 학과 전공자ㆍ자격증 : 전기기사, 전기공사기사, 전기산업기사, 전기공사산업기사ㆍ전공 : 전기공학, 전자공학, 제어계측공학 전공자[자격요건]경력사항: 신입, 경력()학력사항: 대학교(4년)졸업 이상[우대사항]자격증: 전기기사, 전기공사기사, 전기산업기사, 전기공사산업기사전공 : 기계·메카트로닉스·로봇, 전기·전자공학, 제어계측공학00 명  기술연구소SW개발연구원[담당업무]담당업무 (신입)ㆍ하기 업무 중 일부 수행 가능자 지원 가능- 국책과제 수행 - C#, C++ 기반 응용 S/W 개발- Windows 응용프로그래밍 개발- Labview 기반 S/W 개발 - Stm32 등 임베디드 S/W 개발자자격요건ㆍ학력 : 이공계 학ㆍ석ㆍ박사 학위 취득 5년 이내인 분 (당해 졸업예정자 가능)ㆍ경력 : 경력 무관우대사항ㆍMFC 기반 소프트웨어 개발자ㆍ컴퓨터활용능력 우수자ㆍ운전가능자ㆍ프리젠테이션 능력우수자ㆍ관련 자격증 보유자 : 정보처리기사, 정보처리산업기사, 전기기사ㆍ관련 학과 전공자 : 전기·전자공학, 전산학·컴퓨터공학, 응용소프트웨어공학담당업무 (경력) ㆍ하기 업무 중 일부 수행 가능자 지원 가능- 국책과제 수행 - C#, C++ 기반 응용 S/W 개발- Windows 응용프로그래밍 개발- Labview 기반 S/W 개발 - Stm32 등 임베디드 S/W 개발자ㆍ학력: 이공계 학ㆍ석ㆍ박사 학위ㆍ경력 : 학위 취득 후 연구경력이 학사 10년, 석사 7년, 박사 3년 이상인 자[필수조건]ㆍC/C++ 프로그래밍 경험 필수ㆍWindows 상에서 각종 프로그램 개발 경험자[우대조건]ㆍ원자력 발전소 관련 업무 유경험자[자격요건]경력사항: 신입, 경력()학력사항: 대학교(4년)졸업 이상[우대사항]자격증: 정보처리기사, 정보처리산업기사, 전기기사관련 학과 전공자 : 전기·전자공학, 전산학·컴퓨터공학, 응용소프트웨어공학00명원자력발전소 계측설비정비 엔지니어

[담당업무]원자력발전소 계측제어설비 정비 엔지니어


자격요건ㆍ학력 : 고졸이상ㆍ경력 : 신입·경력1년↑우대사항ㆍ인근거주자ㆍ운전가능자ㆍ관련 자격증 보유자ㆍ유관업무 경력자 (3년)ㆍ군필자ㆍ자격증 : 전기산업기사, 전기기능사, 통신산업기사

00 명





근무조건
고용형태: 정규직(수습기간3개월)급여조건: 연봉 협의 후 결정


전형단계 및 제출서류
전형단계: 서류전형 > 면접진행 > 최종심사 > 최종합격추가 제출서류이력서, 자기소개서


접수방법
2023-02-24 (금) 23시59분까지
접수방법: 인크루트 채용시스템접수양식: 인크루트 이력서


기타 유의사항

입사지원서 및 제출서류에 허위사실이 있을 경우 채용이 취소될 수 있습니다.


00










"
(주)조인스에이치알코리아,"연구원·연구개발, 응용프로그래머",,경력3년↑,로봇제어,"서울 서초구 서운로 160, 306호 팔레스빌딩 306호 ","


자동차 센서부품 초음파 센서 Software 개발 - 인크루트 채용

















우리 회사를 한 줄로 표현해주세요
(주)조인스에이치알코리아
자동차 센서부품 초음파 센서 Software 개발
우리 회사에 대해 4줄 이내로 소개해주세요




모집부문 및 자격요건









모집부문
담당업무
자격요건
인원




자동차 초음파센서 소프트웨어개발

[담당업무]- 거리감지용 초음파 센서 S/W 개발     (전장용 초음파 센서 모듈, 제어기) - IoT용 센서 모듈 S/W 개발    (주차제어용 센서, 시큐리티용 센서) - 산업용 센서 S/W 개발 (안전센서, 로봇 제어용 센서) - 차량용 제어기 SW 설계 - MCU, CAN/LIN 통신 제어 경험 - C언어 기반의 Embedded S/W (Firmware) 개발 가능자[근무부서 및 직급/직책]직급/직책: 사원, 대리, 과장, 차장


[자격요건] - 관련경력 3년 이상자 - 학력사항: 학력무관- C언어 활용 가능자 - LIN, DSI3, UART, I2C, 485, PLC    통신 제어 경험[우대사항]
 - 관련분야 석사급 전공자 - ISO26262 기능안전 기반 설계 경험자 - ADAS 분야 양산 개발 경험자 - IATF16949, VDA6.3 (A-Spice) 기반 개발 프로세스 실무 경험자 - 영어 우수자
00 명





근무조건
고용형태: 정규직급여조건: 연봉 협의 후 결정


전형단계 및 제출서류
전형단계: 서류전형 > 면접진행 > 최종심사 > 최종합격추가 제출서류이력서, 자기소개서


접수방법
채용시
접수방법: 인크루트 채용시스템, 이메일접수양식: 인크루트 이력서, 자사양식


기타 유의사항

입사지원서 및 제출서류에 허위사실이 있을 경우 채용이 취소될 수 있습니다.


00










"
(주)피플케어코리아,응용프로그래머,,경력7년↑,로봇제어," 서울특별시 강남구 영동대로 511 (삼성동,트레이드타워) 27층, 33층 ","


ROBOT HW/FW개발 (대리-과장급) - 대기업 계열사 - 인크루트 채용













【 포지션 및 업무 】- SE장비 SW개발 (사원-대리급)* 업무 내용    1.  전자회로/전력전자회로/필터 설계    2  .서보 드라이브 회로 설계    3.  MCU(DSP, ARM(M3, M4))를 이용한 Firmware 개발    4.  Motor 제어[필요 보유 기술] 1. C, 전기전자, 디지털 공학, 회로 이론 관련 지식 보유 2. OrCAD 사용 가능자 3. VHDL Code 해석 및 활용 가능자 4. ArtWork(PADs) Tool 사용 가능자 5.관련 경력 7년 이상(석사는 5년 이상)[ 우대 사항] 1. 관련 분야 석/박사 학위 보유자 2. Firmware 개발 업무 경험자 3. 로봇 Hardware 회로 설계 경험자 4. EMC 고려한 회로 설계 경험자 5. Analog 및 Digital 회로 해석 경험자경기도 안산
*전형방법 :
1차 서류전형
2차 면접전형

*제출서류 :
- MS-WORD 국문 이력서, 자기소개서 (각종 증빙서류는 서류전형합격자에 한해 추후제출)


이메일: jesica@peoplecare.co.kr******@*******.***
채용담당 : JESSICA 팀장 ( ***-****-**** /  )








"
(주)잡뉴스솔로몬서치,"기계·금속·재료, 연구원·연구개발",,경력5년↑,로봇제어," 서울특별시 서초구 방배로 39 1층 104호 (방배동,미주빌딩) ","


로봇 설계 개발 엔지니어 (경력 5년이상) - IT 서비스 전문기업, 그룹 계열사 - 인크루트 채용













[의뢰사]- IT 서비스 전문기업, 그룹 계열사- 한국타이어 그룹,  IT 서비스 및 물류 안정화 지원 종합엔지니링 기업- 회사위치/ 근무지 : 경기도 판교 [채용내용]1. 채용부문 :     - 로봇 설계 개발 엔지니어2. 담당업무 :    - 로봇 엔지니어    - 로봇 설계 전반 실무    - 로봇 제어 S/W 개발    - 로봇 H/W 설계 및 제작 R&D    - 인공지능 활용 응용기술 개발3. 채용직급 :    - 경력에 따라 결정4. 자격요건 :    - 4년제 대졸 이상 및 이공계열, 로봇관련 전공자 (석사 이상 우대)     - 로봇 설계/ 개발 5년이상 경력자    - 우대사항 :       * 물류 자동화 로봇 분야 경험자       * ROS/ Vision/ AI 업무 경험자       * 다관절 로봇 지식 보유자            5. 회사위치/ 근무지 :    - 경기도 판교 [전형방법]- 서류전형- 면접전형, 서류전형 합격자에 한하여 개별 통보[제출서류]- 한글이력서 : 사진첨부 및 희망직급, 희망연봉, 연락처 등 기재- 한글경력 및 자기소개서 : 경력 상세 작성- MSword 파일로 작성 [지원방법]- Online 시스템 지원 : Incruit- e-Mail 지원 : jirhee@jobnews.co.kr******@*******.*********@*******.***,  jaeinrhee@naver.com******@*******.*********@*******.***[근무여건]- 회사위치/ 근무지 : 경기도 판교 - 직급 및 연봉 : 면접시 경력에 따라 협의 결정- 회사복지 : 최고 수준==============================================================- (주)잡뉴스 H.R.Consulting  솔로몬서치- `미래와 신뢰`를 약속드리는 컨설턴트 이사 이 재 인- 전화 연락처 : 070-7712-9378,  ***-****-****                             - e-Mail : jirhee@jobnews.co.kr******@*******.*********@*******.***,  jaeinrhee@naver.com******@*******.*********@*******.***






"
(주)고영테크놀러지,"응용프로그래머, 웹프로그래머, 빅데이터·AI(인공지능), 전자·반도체, 기계·금속·재료",,경력3년↑,로봇제어,서울 금천구 가산동   한라시그마밸리 15층    ,"


Robotics 전문가 - 인크루트 채용













""SMT 공정용 검사장비 세계 1위 기업"" 고영테크놀러지는 세계 수준의 Mechatronics 기술을 바탕으로 2002년 4월 설립하여현재 Machine Vision 기술, 지능형 시스템 Software 기술, 정밀 기계 설계 기술을조화롭게 구사하는 기업으로 세계적인 위치에 올라 있습니다.SMT 검사기 시장에서의 사업을 기반으로 반도체 검사장비, 의료로봇, 정밀기계가공 검사장비 등 다양한 영역에서 새로운 사업을 수행하고 있습니다.고영테크놀러지와 함께 실패를 두려워하지 않고 끊임없이 도전하고 성장할혁신적이고(INNOVATION), 함께 일하며(TEAMWORK), 전문성(PROFESSIONALISM)을갖춘 인재분들의 많은 지원 부탁드리겠습니다.[주요업무]- 로봇 제어 알고리즘 개발 (전류기반 힘/순응 제어)- C++, Python 기반 로봇제어 및 제어 Framework 개발 [자격요건]- 경력 3년 이상- 제어 SW (C++, Python 등) 숙련자- ROS(Robot Operating System) 기반 개발 경험 유경험자- 협동로봇 개발 경험자[전형절차]- 서류전형 >>> 온라인 인적성 검사 >>> 직무면접(PT면접) >>> 최종면접 >>> 채용검진 >>> 입사[입사지원서]* 자유 양식 이력서 제출 가능 (면접 전형 전 자사양식 이력서 작성 필수)* 모든 파일은 PDF 형식으로 변환 후 제출*입사지원서 양식 내려받기






"
현대자동차(주),"전자·반도체, 소프트웨어·하드웨어, 시스템프로그래머",,경력(연차무관),로봇제어, 서울특별시 서초구 헌릉로 12 (양재동) ,"


Robotics Engineer [모터 드라이버 회로 & 펌웨어 개발] - 인크루트 채용













조직소개자동차 분야는 점차 자동화, 로봇화되고 있습니다. 자동차 기술이 과거 어느때와 비교할 수 없을만큼 로보틱스 기술과 유사성을 보이고 있는 지금, 로보틱스랩은 사람을 위하는 기술이라는 철학하에 연구개발에 힘쓰고 있습니다.내재화된 로보틱스 기술을 바탕으로 다양한 분야의 전문가들이 하나의 팀을 이루어 로봇 제품을 개발하고 있으며, 사람과 함께 할 수 있는, 자체 개발을 통해 차별화된, 나아가 로봇이 존재하는 공간에서의 모든 서비스를 제공하는 로봇으로 확장 가능한 기술을 지향하고 있습니다.그중 우리 조직은 의료용/산업용 착용 로봇 및 관절형 로봇에 관련한 제어와 설계 연구를 주 업무로 수행하고 있습니다. 선행 연구에서부터 양산화까지 넓은 범위의 일들을 수행할 수 있어 로봇 전문가로 성장할 수 있는 기회를 제공합니다.우리 로보틱스랩에서는 새로운 모빌리티를 함께 만들어 나갈 여러분의 지원을 기대하고 있습니다.• 긍정적인 마음을 가지고 새로운 도전을 즐기는 분• 다양한 분야의 사람들과 즐겁게 의사소통하며 협업할 수 있는 분• 맡은 업무에 대해서 책임감을 가지고 임할 수 있는 분직무상세- BLDC 모터 드라이버(제어/인버터) 회로 설계- FOC 기반 모터 드라이버 펌웨어 설계- 실시간 제어 통신 개발(EtherCAT, CANopen)- MCU 기반 embeded system 개발[모터 드라이버 회로 개발]- 고 전류(30A급) 소형 BLDC 모터 드라이버 인버터 회로 설계- MCU 주변 회로 및 Switching Regulator 회로 설계- 디지털 & 아날로그 혼용 회로 및 배선 설계- EMC/EMI 인증을 위한 전원 노이즈 및 FET 스위칭 노이즈 저감 설계[모터 드라이버 펌웨어 개발]- FOC 기반 BLDC 모터 토크 제어 알고리즘 개발(Sensored)- 모터 초기 구동을 위한 automatic phase detection 기법 개발- MCU peripheral dirver 구현 및 인터럽트 타이밍 제어- 실시간 통신을 위한 EtherCAT CoE CiA402, CANopen CiA402 구현지원자격•전기전자 공학 / 제어계측 공학 / 전력전자 공학 전공하신 분•인버터 HW 및 FW 개발 경험 보유하신 분•C/C++, PADS, OrCAD 활용 가능하신 분·최종합격 후, 회사가 지정하는 입사일에 입사 가능하신 분· 해외여행에 결격 사유가 없는 분 (남성의 경우, 회사가 지정한 입사일까지 병역을 마쳤거나 면제되신 분)우대사항•인버터 회로 설계 / FOC FW 설계 경험 보유하신 분•버전관리툴(Git, Mercurial 등), SW 인증 경험(정적/동적 분석 등) 보유하신 분전형단계1. 서류전형2. Pre-Interview3. 직무면접4. 종합면접5. 채용검진6. 입사기타[기타 유의사항]· 지원서를 포함하여 채용 전형 진행 중 모든 과정에서 제출한 내용이 사실과 다르거나 문서로 증빙이 불가할 경우 합격이 취소되거나 전형상의 불이익을 받을 수 있습니다.· 최종 합격 후, 회사가 지정하는 입사일에 입사 불가할 경우 합격이 취소되거나 전형상의 불이익을 받을 수 있습니다.· 해외여행에 결격 사유가 있는 분(남성의 경우, 회사가 지정한 입사일까지 병역 미필 또는 병역 면제되지 않은 분 포함)은 합격이 취소되거나 전형상 불이익을 받을 수 있습니다.· 회사 내규상 정상근무가 불가능할 경우 합격이 취소되거나 전형상의 불이익을 받을 수 있습니다.· 채용 전형 진행에 따라 일정이 조정될 수 있는 점 유의 바랍니다.[지원자 참고사항]· 취업보호대상자(장애,보훈 등)는 관계 법령에 의거하여 우대합니다.· 지원서 접수 마감일에는 지원자가 대거 몰려 입사지원이 어려울 수 있으니, 여유있게 미리 제출하시기를 권장합니다.· 지원서 접수는 현대자동차 채용 홈페이지를 통해 접수하며, 그 외의 개별 접수는 받지 않습니다.· 공고 내 직급 수준은 예상 직급으로 변동 가능성이 있으며, 개인별 경력 및 평가를 고려하여 처우협의 과정을 통하여 최종 확정됩니다.· 채용 관련 문의는 채용 홈페이지 內 [FAQs] 메뉴를 확인하시거나 '1:1 문의하기'를 이용바랍니다.






"
(주)피플스카우트,기계·금속·재료,,경력5~15년,로봇제어, 서울특별시 마포구 삼개로 16 근신빌딩 2신관 501호 (도화동) ,"


[반도체용 로봇 제조사]자동화 장비 기계설계 /대리-차장급 - 인크루트 채용













◈ 추천회사 소개- 국내 유명 반도체용 로봇 및 로봇 응용장비 개발 전문회사* 연 매출액: 500억원 / 사원수: 70명 ◈ 포지션- [반도체용 로봇 제조사]자동화 장비 기계설계/대리-차장급/2명 ◈ 담당 업무:- 자동화 장비 기계설계 - 반도체 장비용 로봇설계
- 반도체 장비용 자동화 설계
- SOP 작성
- 개발장비 조립, 테스트  ◈ Requirement capability- 4년제 대졸 이상자- 경력: 자동화 장비 설계 경력 5년 -15년차 이내자- 전공: 기계공학, 기계설계, 로봇공학, 기계공학, 메카트로닉스 등 관련 전공자* 필요지식/기술
- 기계요소 설계
- 기계공작, 정역학, 동역학
- 메카트로닉스 (자동제어)
- 3D 설게, 2D(AutoCAD) 설계 - 이직이 잦지 않는 자[우대사항]- 기계설계, 전산설계 자격증 보유자
- 영어 능통자
- Inventor 3D 능통자 - 최종 합격 후 빠른 시일 내 출근 가능자  [근무지]경기도 성남시 중원구 소재  ◈제시 연봉 : 경력에 따라 협의(5,000만원 -7,500만원 선) ◈ 제출서류  - <이력서 및 자기소개서, 경력기술서> /(국문) 1 파일로 제출요망  - 포토폴리오(해당자에 한함)  - 이력서 제출시 최종연봉,희망연봉 필수 기재, 문서이름은 “지원분야-성명”으로 표기  - 경력기술서 작성시 보유기술 및 경험직무에 대해서 상세 기술 요망  ◈ 제출기한 및 근무가능일 : ASAP(채용시 마감) ◈ 접수방법 ; [담당자 : 임정우 본부장]- e-mail 접수 : hunter@peoplescout.co.kr******@*******.*** - 제출기한 : 선착순 E-mail 접수 분에 한합니다.- 전화문의 : ***-****-**** / ***-****-****- 합격통보 : 합격자에 한하여 개별 연락드리오니 양해바랍니다.






"
탑커리어인사이트,기술영업,,경력3~15년,로봇제어, 서울특별시 강남구 역삼로17길 9 (역삼동) 배영빌딩 202호 ,"


대기업 로봇자동화 기술영업 - 인크루트 채용













채용기업 : 대기업계열사/코스피상장 / 매출액 3조 946억 9,864만채용포지션 : 로봇자동화 기술영업채용직급 : 사규에 따름연봉 : 협의 조정근무지 : 서울시[담당업무]- System Integration 설계 검토- 국,내외 용접 로봇 패키지 기술 영업[지원자격]- 대졸이상 ( 전기관련학과 또는 제어관련학과 우대 )- 경력 3년 ~ 10년- 로봇 자동화 설계 경력자도 지원 가능- 로봇 연계 VISION, AGV 설계, 설치, 시운전 경력자도 지원 가능[전형방법]- 서류전형 : (합격자에 한하여 개별 통보)- 면접전형[제출서류 및 방법]- MS WORD로 작성된 경력중심의 국문이력서(사람인 등 잡사이트 이력서 제외)- richard@topcareerinsight.co.kr******@*******.***로 제출바랍니다./탑커리어인사이트 김태경 / ***-****-****- 이력서는 지원분야_이름으로 작성 (예: 기술영업_홍길동)






"
(주)덴티움,광고·CG·시각디자인,,경력3년↑,로봇제어," 경기도 수원시 영통구 창룡대로256번길 76 (이의동,덴티움 지식산업센터) ","


[ICT] 다관절 로봇 제어 SW개발 부문 - 인크루트 채용




















"
(주)조인스에이치알코리아,기계·금속·재료,,경력6년↑,로봇제어, 서울특별시 서초구 서운로 160 ,"


로봇 액츄에이터 설계 담당자 채용(과/차장급) - 인크루트 채용

















우리 회사를 한 줄로 표현해주세요
(주)조인스에이치알코리아
로봇 액츄에이터 설계 담당자 채용(과/차장급)
우리 회사에 대해 4줄 이내로 소개해주세요




모집부문 및 자격요건









모집부문
담당업무
자격요건
인원




로봇 액츄에이터 설계 담당자 채용

[담당업무]1. 로봇 액츄에이터 설계   (액츄에이터 구성부품: 프레임리스모터+자기식 엔코더+입력축+하모닉감속기+브레이크+출력엔코더+서보드라이버)2. 로봇 및 액츄에이터 해석    - 액츄에이터 기구부 단품(플랜지, 하우싱, 커버, 브라켓 및 기타)의 강성 및 강도   - 액츄에이터 적용한 로봇 가반하중 적합성 검토를 위한 해석     (운전패턴에 따른 축별 및 최대부하율 확인)[근무부서 및 직급/직책]직급/직책: 과장, 차장


[자격요건]경력사항: 경력(6년 이상 )학력사항: 학력무관직무기술: 모터, 모터제어, 열해석1. 로봇 액츄에이터 관련 설계 6~12년 이상 경력자(협동로봇, 산업용 수직다관절로봇, 휴머노이드, 수술용, 엑소스켈레톤)2. Solidworks 설계 가능자3. Solidworks 설계 가능자(Simulation, Motion)4. MS OFFICE 사용 가능5. 서울지역 근무 가능6. 해외여행/파견 및 건강상의 결격사유가 없는 자

0 명





근무조건
고용형태: 정규직급여조건: 연봉 협의 후 결정


전형단계 및 제출서류
전형단계: 서류전형 > 면접진행 > 최종심사 > 최종합격추가 제출서류이력서, 자기소개서


접수방법
채용시
접수방법: 인크루트 채용시스템접수양식: 인크루트 이력서, 자사양식


기타 유의사항

입사지원서 및 제출서류에 허위사실이 있을 경우 채용이 취소될 수 있습니다.


00










"
(주)고영테크놀러지,"전자·반도체, 기계·금속·재료, 건축·공간·CAD·CAM디자인",,신입/경력(연차무관),로봇제어,서울 금천구 가산동   한라시그마밸리 15층    ,"


전장설계 - 인크루트 채용













""SMT 공정용 검사장비 세계 1위 기업"" 고영테크놀러지는 세계 수준의 Mechatronics 기술을 바탕으로 2002년 4월 설립하여현재 Machine Vision 기술, 지능형 시스템 Software 기술, 정밀 기계 설계 기술을조화롭게 구사하는 기업으로 세계적인 위치에 올라 있습니다.SMT 검사기 시장에서의 사업을 기반으로 반도체 검사장비, 의료로봇, 정밀기계가공 검사장비 등 다양한 영역에서 새로운 사업을 수행하고 있습니다.고영테크놀러지와 함께 실패를 두려워하지 않고 끊임없이 도전하고 성장할혁신적이고(INNOVATION), 함께 일하며(TEAMWORK), 전문성(PROFESSIONALISM)을갖춘 인재분들의 많은 지원 부탁드리겠습니다.[주요업무]- 로봇, 검사장비, 의료로봇 제어시스템 전장설계- 제어기 구조 및 서보 시스템 전장설계- 인증 기반 전장설계 (CE, UL,SEMI 등) [자격요건]-    AutoCAD Electrical , 전장설계 CAD 활용 가능자 [우대사항]-    CE,UL등 안전인증 설계 경험, 양산 장비 설계 경험 [전형절차]- 서류전형 >>> 온라인 인적성 검사 >>> 직무면접(PT면접) >>> 최종면접 >>> 채용검진 >>> 입사[입사지원서]* 자유 양식 이력서 제출 가능 (면접 전형 전 자사양식 이력서 작성 필수)* 모든 파일은 PDF 형식으로 변환 후 제출*입사지원서 양식 내려받기






"
(주)메디픽셀,"응용프로그래머, 빅데이터·AI(인공지능)",,경력5년↑,로봇제어," 서울특별시 마포구 양화로 61 7층 (서교동,두암빌딩) ","


[메디픽셀] 딥러닝 & SW 개발 엔지니어 채용 - 인크루트 채용
















(주)메디픽셀
[메디픽셀] 딥러닝 & SW 개발 엔지니어 채용



모집부문 및 자격요건






담당업무
자격요건
인원





[담당업무]ㆍ 의료 도메인 관련 제어 알고리즘 개발ㆍ 의료 영상 (Angiograthy) Al 딥러닝 알고리즘 개발ㆍ 업무 관련 논문 이해 및 구현ㆍ 프로젝트 기획 및 관리


[자격요건]ㆍ 경력 5년 이상ㆍ Deep learning framework에 대한 이해가 있으신 분ㆍ C++, python 개발 경험이 있으신 분[우대사항]ㆍ관련 학과 석사 이상 학위(컴퓨터공학, 로봇제어)ㆍDeep learning framework에 대한 Contributor 수준의 구현ㆍ의료영상분야 개발 경력이 있으신 분ㆍROS 관련 개발 경험이 있으신 분

0 명





근무조건
고용형태: 정규직(수습기간3개월)근무부서: 제어팀급여조건: 연봉 협의 후 결정메디픽셀 채용에 관해 더 자세히 알고싶으신 분들은 메디픽셀 채용페이지를 참조하세요.


전형단계 및 제출서류
전형단계: 서류전형 > 면접진행 > 최종심사 > 최종합격추가 제출서류이력서, 자기소개서포트폴리오


접수방법
채용시
접수방법: 인크루트 채용시스템, 자사 홈페이지접수양식: 인크루트 이력서


기타 유의사항

입사지원서 및 제출서류에 허위사실이 있을 경우 채용이 취소될 수 있습니다.














"
(주)마스,전자·반도체,,경력4년↑,로봇제어, 경기도 화성시 동탄산단2길 13 (방교동) 1층 ,"


기구설계, 자동제어 외 경력 정규직 채용 - 인크루트 채용
















(주)마스
기구설계, 자동제어 외 경력 정규직 채용




모집부문 및 자격요건






담당업무
자격요건
인원







[자격요건]경력사항: 경력(4년 이상 )학력사항: 학력무관직무기술: 로봇

1 명





근무조건
고용형태: 정규직급여조건: 연봉 회사내규


전형단계 및 제출서류
전형단계: 서류전형 > 면접진행 > 최종심사 > 최종합격추가 제출서류이력서, 자기소개서


접수방법
상시채용
접수방법: 인크루트 채용시스템접수양식: 인크루트 이력서


기타 유의사항

입사지원서 및 제출서류에 허위사실이 있을 경우 채용이 취소될 수 있습니다.











"
(주)커리어앤스카우트,응용프로그래머,,경력5년↑,로봇제어, 서울 영등포구 여의도동 35-4 한국화재보험협회빌딩 15층 ,"


AI머신비전 SW개발기업  [물류 플랫폼 백엔 드 개발] 경력직 채용 - 인크루트 채용













[담당업무]- 장비/로봇 제어 전용 AI 물류 플랫폼 backend 설계 및 개발- 기존 개발 프로그램 유지 관리 지원[자격요건]- 학력 : 전문학사 이상- 경력 : 5년 이상- 경험1) C#, Typescript, REST API개발 경험2) Docker, Kubernates 핸들링 경험[우대사항]- 영상처리 관련 개발 경험자[전형절차]서류전형 - 컨설턴트 인터뷰 - 기업 면접[제출서류]국문이력서(경력기술서 포함)[직무분야]백엔드 개발[경력년수]5년이상[기본연봉]최종 연봉에서 상향 조정[참고사항]수평문화 구조로 ""님""호칭[지원방법]> 지원방법 : e-메일 접수(jm@cnscout.co.kr******@*******.***) / 메일로 워드
파일 이력서 보내주셔야 누락없이 검토 가능합니다.> 기업 및 포지션 관련 궁금하신 점 있으시면, 메일 주시면 답변드리겠습니다> 커리어앤스카우트는 국제 표준 기구에서
규정한 ISO 9001 품질경영 인증 헤드헌팅 전문기업입니다.> 커리어앤스카우트 헤드헌팅은 검증된 후보자를
추천하는 것으로 기업에서 인식하기에 공채 지원보다 유리합니다.> 지원 의사가 없더라도 최신 이력을 보내주시면
헤드헌팅 시스템 등록 후 추후 포지션 발생시 연락을 드리겠습니다.>기업의 경우 메일로 포지션 의뢰 및 계약
건 문의 주시면 회신 드리겠습니다 면접은 서류전형 합격자에 개별통지 합니다.국가보훈대상자와 신체장애자는 관련서류 제출시 관계법에 따라 우대함.모든 서류는 반드시 MS Word로 작성하기
바랍니다.제출하신 서류는 일체 반환하지 않습니다.입사지원서 내용에 허위사실이 판명될 경우 입사가 취소될 수 있습니다.
기타 문의사항은 E-mail로 문의바랍니다.






"
(주)한화,소프트웨어·하드웨어,,경력(연차무관),로봇제어, 서울특별시 중구 청계천로 86 (장교동) ,"


[한화로보틱스] 협동로봇 제어 S/W 개발자 경력사원 모집 - 인크루트 채용




















"
(주)한화,소프트웨어·하드웨어,,경력3년↑,로봇제어, 서울특별시 중구 청계천로 86 (장교동) ,"


[한화로보틱스] 협동로봇 제어 HW 개발자 경력사원 모집 - 인크루트 채용




















"
(주)티라로보틱스,"세무·회계, 재무·자금·IR",,경력9~16년,로봇제어," 경기도 성남시 중원구 둔촌대로 388 304호(상대원동,크란츠 테크노) ","


회계담당자 경력직 채용 - 인크루트 채용













우리 회사를 한 줄로 표현해주세요(주)티라로보틱스회계담당자 경력직 채용㈜티라로보틱스는 코스닥 상장사인 ㈜티라유텍의 자회사로서 22년 1월에 설립된 46명 규모의 중소기업 으로 경기도 성남시 중원구 둔촌대로 388(상대원동, 크란츠테크노)에 위치하고 있습니다. 티라로보틱스는 자율주행로봇 전문기업으로 AMR(Autonomous Mobile Robot, 자율주행로봇)의 모든 과정(제어S/W, 관제S/W, 기구 설계, 전장 설계, 로봇운영시스템 등 )을 100% 자체 기술로 개발하여 직접 생산하고 있고, 자율주행 로봇에 관한 국내 최고의 제품을 보유하고 있으며, 국내뿐만 아니라 미국 및 유럽 진출을 위해 준비 중에 있습니다.  

모집부문 및 자격요건









담당업무
자격요건
인원





[담당업무]ㆍ월/분기/반기 결산 및 보고ㆍ 투자사 보고자료 작성ㆍ제조원가  계산ㆍ분기/년 forecasting (자금계획 및  추정손익)ㆍ내부회계관리제도 구축 및 운용[근무부서 및 직급/직책]근무부서: 경영지원실직급/직책: 과장, 팀장, 파트장


[자격요건]경력사항: 경력(9년 이상 16년 이하)학력사항: 학력무관직무기술: 제조원가, IPO, 결산, 법인결산, 원가, 자금계획, 내부회계관리제도기타: 전자/장비/기계 분야 제조업체  근무(제조원가)[우대사항]전공계열: 상경계열

0 명





근무조건
고용형태: 정규직근무부서: 경영지원실급여조건:  협의 후 결정


전형단계 및 제출서류
전형단계: 서류전형 > 면접진행 > 최종심사 > 최종합격추가 제출서류이력서, 자기소개서


접수방법
채용시
접수방법: 인크루트 채용시스템접수양식: 인크루트 이력서


기타 유의사항

입사지원서 및 제출서류에 허위사실이 있을 경우 채용이 취소될 수 있습니다.


00










"
(주)김포산업,"전자·반도체, 시스템프로그래머, 전기·전자·통신기능, 건축·공간·CAD·CAM디자인",,경력5년↑,로봇제어, 경기도 김포시 통진읍 김포대로2344번길 55 (통진읍) ,"


자동화 설비 전기, 계전, CAD 및 PLC 프로그램 가능자 채용 - 인크루트 채용
















(주)김포산업
자동화 설비 전기, 계전, CAD 및 PLC 프로그램 가능자 채용 



모집부문 및 자격요건






담당업무
자격요건
인원




                             자동화제어

[자격요건]1. 경력 5년이상 우대2. 학력무관3. PLC 판넬 CAD 설계, 제작, 설치, 시운전 가능한 자 **PLC(LS, 미쓰비시) 가능자, Touch (이지뷰, LS, 미쓰비시) 가능자4. 산업용 자동화 로봇(Robot / ABB, FUJI, OKURA) 티칭 가능한 자5. 자동포장기 관련 유경함자 [우대사항]1. 전기공학 (전기계열) 전공자2. 즉시출근가능자3. 차량소지자, 운전면허증 보유자4. 문서작성 (워드프로세스 활용) 가능자5. CAD 능숙자

(경력, 과장급)2 명





근무조건
고용형태: 정규직급여조건: 연봉 4,000만원 이상 - 협의 후 결정근무지역: 경기도 김포시 통진읍 김포대로2344번길 55근무시간: 주 5일근무 / 08:00~17:00 / 상황에 따라 야근, 주말근무, 출장근무 있음


전형단계 및 제출서류
전형단계: 서류전형 > 면접진행 > 최종합격추가 제출서류이력서, 자기소개서


접수방법
채용시 마감
접수방법: 인크루트 채용시스템접수양식: 인크루트 이력서


기타 유의사항

입사지원서 및 제출서류에 허위사실이 있을 경우 채용이 취소될 수 있습니다.











"
(사)한국산업기술협회,"생산관리, 설치·수리·정비·A/S , 판매, 기술영업, 전기·전자·통신기능, ERP·시스템분석·설계, 시스템프로그래머, 전자·반도체, 네트워크·서버·보안, 응용프로그래머, 빅데이터·AI(인공지능), 건축·인테리어·설계, 기계·금속·재료, 게임(Game), 통신·모바일",,신입/경력(연차무관),로봇제어," 서울특별시 금천구 범안로 1130 (가산동,디지털엠파이어빌딩) 14층    ","


[국비지원 취업연계]  PLC 현장기기제어 전문가 과정 - 인크루트 채용













 

[국비무료] 스마트 자동화 PLC 현장기기 제어 전문가 과정
한국산업기술협회는 산업기술분야의 역량강화 및 글로벌화를 위해 고용노동부의 지원을 받아 매년 우수 인력 양성 및 기업맞춤형 전문인력 100명 이상 배출을 목표로 하고 있습니다. 8주간의 체계적인 교육과 맞춤형 실습 과정을 통해 PLC 전문가로 거듭나고, 취업 지원 혜택도 받으시길 바랍니다.



 

교육과정







스마트 자동화 PLC 현장기기 제어 전문가 과정



PLC 제어 실무 

시퀀스 제어 이론 및 실무
XGK PLC / MELSEC PLC 제어 실무

PLC 모니터링 실무

HMI(터치스크린) / SCADA실무
PLC+HMI+SCADA 연동 실무

PLC 통신 제어 실무

필드버스 / 이더넷 통신 제어 실무
IoT 통신 제어 실무

PLC 현장기기 제어 실무

서보모터/인버터/공압 연동 제어 실무
스마트 공장 센서 데이터 제어 실무
스마트 공장 현장기기 트러블(고장) 원인과 대책 실무

PLC 종합과제 실습

동력+제어회로 설계
판넬+전동기 제작 실습

취업 전략 특강

합격하는 면접 노하우
채용박람회 진행예정





본 과정은 고용지원센터에서 발급해주는 직업훈련카드가 필요 없는 100% 무료 국비지원 과정입니다.




 

교육특징



현장 수요조사를 통한 맞춤형 교육
관련분야의 20년 이상 경력을 지닌 전문 강사진이 투입 실무 중심의 수업 진행
PLC에 대한 이론부터 실무까지 다룰 뿐만 아니라 종합프로젝트 실습을 통해 업무 적용이 가능한 기술 역량을 갖춘 인재 육성과 취업 지원
스마트자동화 구축운영 인력양성에 핵심 요소인 PLC, HMI, SCADA 등 현장 기기에 대한 종합적인 연동 제어 실무 교육
이력서 및 자소서 첨삭, 모의 면접 등 취업 관련 교육




 

교육일정







교육과정명
교육기간
교육시간
장소


PLC 현장기기 제어 전문가 과정
2024.1.30.~2024.3.29
총 320시간
서울 금천구




상기 교육일정에는 변동사항이 있을 수 있음을 알려드립니다.




 

지원자격


고용보험미가입자
전공자 우대



 

수강생 혜택





전액 국비지원
★ 교육비 전액 지원  ★

수료 시 점심식대(1일 5,000원) 및 훈련수당 (40만원) 지급
교재비, 재료비 100% 무료
KITA 취업박람회 참가 자격 부여




특별한 강의 혜택
PLC분야 기업체 경력 및 교육경력 20년 이상 우수한 강사진 강의 지원
교육 수료 후 수료증 발급
자격증 시험 응시 및 취득 가능
스마트 직업훈련 플랫폼 자격 및 OA 관련 온라인 강좌 무료 수강(*교육생 택 1개 과정)




과정 수료 인원 취업 연계 혜택

수료생 대상 채용박람회 개최(취업제의 90% 이상)
22~23년 동일과정 취업률 83%
1:1 취업 멘토 배정 및 취업 컨설팅 제공







 

교육 후기


 



 

신청 방법



아래 신청하기 버튼 클릭 후 구글폼 교육 신청서로 이동
신청 후 추가 안내 사항은 담당자가 개별 연락드릴 예정입니다.




 

KITA 오시는길






 

KITA 소개






 

KITA 보유장비


 ★ 신청/문의

김병주 대리 TEL : ***-****-****, FAX : ***-****-****
Email : haokan202@kitanet.or.kr******@*******.***, Homepage : http://hrd.kitanet.or.kr



신청하기




 












"
(주)고영테크놀러지,"소프트웨어·하드웨어, 응용프로그래머",,경력5~10년,로봇제어,서울 금천구 가산동   한라시그마밸리 15층    ,"


공용화 SW/모듈 개발 - 인크루트 채용













""SMT 공정용 검사장비 세계 1위 기업"" 고영테크놀러지는 세계 수준의 Mechatronics 기술을 바탕으로 2002년 4월 설립하여현재 Machine Vision 기술, 지능형 시스템 Software 기술, 정밀 기계 설계 기술을조화롭게 구사하는 기업으로 세계적인 위치에 올라 있습니다.SMT 검사기 시장에서의 사업을 기반으로 반도체 검사장비, 의료로봇, 정밀기계가공 검사장비 등 다양한 영역에서 새로운 사업을 수행하고 있습니다.고영테크놀러지와 함께 실패를 두려워하지 않고 끊임없이 도전하고 성장할혁신적이고(INNOVATION), 함께 일하며(TEAMWORK), 전문성(PROFESSIONALISM)을갖춘 인재분들의 많은 지원 부탁드리겠습니다.[포지션] 공용화 SW/모듈 개발[직급] 대리~과장[주요업무]- 공통 이미지 처리/제어 SW 설계 및 개발- 공통 Network/DB 등 Data Interface 모듈의 설계 및 개발- 기존 코드 분석 및 성능 개선점 도출[자격요건]- C++ 또는 .NET 개발 경력 5년~10년 - 능숙한 소프트웨어 개발 문서 작성 능력(*Senior 필수)- 새로운 기술 동향 분석과 적용하고 전파하는 것에 대해 거부감이 없으신 분 - Open Mind에 직장 동료들과 즐겁고 원활하게 커뮤니케이션 가능하신 분- Jira/confluence/bamboo/Git 등 형상 관리 및 개발 프로세스 툴 사용에 어려움이 없는 분[우대사항]- Windows debugging 및 dump 분석 지식- Software 개발 관련 전공자- 분산 병렬 처리/고성능 data 처리 개발 환경 지식- SMT 및 반도체 공정에 대한 배경 지식을 가지신 분- 확장 가능한 구조 설계 기술 보유자[전형절차]- 서류전형 >>> 온라인 인적성 검사 >>> 직무면접(PT면접) >>> Skill Test >>>최종면접 >>> 채용검진 >>> 입사[입사지원서]* 자유 양식 이력서 제출 가능 (면접 전형 전 자사양식 이력서 작성 필수)* 모든 파일은 PDF 형식으로 변환 후 제출*입사지원서 양식 내려받기






"
(주)키친어스,"기계·금속·재료, 섬유·화학, 전자·반도체",,신입/경력(연차무관),로봇제어,,
리뉴피플(주),광학·의료장비,,경력3~15년,로봇제어, 서울특별시 강남구 봉은사로 317 3층 (논현동) ,"


[경기 판교] 자동차 자율주행용 및 물류로봇용 라이다 관련 경력직  채용 - 인크루트 채용



















[경기 판교] 자동차 자율주행용 및 물류로봇용 라이다 관련 경력직  채용




모집부문 및 자격요건









모집부문
담당업무
자격요건
인원




광학설계[담당업무] 라이다 광학 시스템 설계- 광학 설계 (Light Tools, Code V 등)- 라이다 광학 평가 및 분석[근무부서 및 직급/직책]- 근무부서 : 광학 설계팀- 직급/직책 : 선임연구원, 책임연구원 (각1명이상)[자격요건]- 경력 : 3년 이상 15년 이하- 학력 : 대학교(4년)졸업 이상- 공학계열(황학, 무리, 광정자 등) 전공자- 기타 : 렌즈 설계 및 결상 경험 필수[우대사항]- 우대사항 : 석박사2 명FPGA 로직 개발[담당업무] 라이다 RTL 설계 및 FPGA 개발- IP Simulation & Verification- FPGA 프로토 타입 개발 및 검증- 라이다 물리 계층 신호 처리 IP RTL 설계 및 검증[근무부서 및 직급/직책]- 근무부서 : 로직개발팀- 직급/직책 : 선임연구원 또는 책임연구원 (1명)[자격요건]- 경력 : 3년 이상 15년 이하- 학력 : 대학교(4년)졸업 이상- 전기전자, 컴퓨터, 정보통신 계열 전공자- Xilinx FPGA 사용 경험- ARM Based SoC 개발 경험[우대사항]- 우대사항 : 석박사1명F/W 펌웨어 개발[담당업무]  라이다 F/W 펌웨어 개발- 라이다 신호처리 알고리즘 개발- FPGA 제어 및 연동 프로그램- 임베디드 소프트웨어 IP 개발[근무부서 및 직급/직책]- 근무부서 : F/W 펌웨어 개발팀- 직급/직책 : 책임연구원 이상 (2명이상)[자격요건]- 경력 : 7년 이상 15년 이하- 학력 : 대학교(4년)졸업 이상- 공학 계열(컴퓨터, 전기전자) 학사 이상- C / C++ 언어 및 임베디드 리눅스 사용자- ARM Based SoC 개발 경험[우대사항]- 우대사항 : 석박사2 명응용 S/W개발[담당업무]  라이다 객체 및 상황 인식 기술 개발- PC Application SW 개발- 객체 및 상황 인식 기술 개발- 라이다 기반 객체 검출 및 추적 기술 개발[근무부서 및 직급/직책]- 근무부서 : 팀- 직급/직책 : 선임연구원 또는 책임연구원 (1명)[자격요건]- 경력 : 7년 이상 15년 이하- 학력 : 대학교(4년)졸업 이상- C/C++ 및 C# 언어 사용- PC 응용프로그램 개발 경험[우대사항]- 우대사항 : 석박사- 영상데이터 처리, 3D그래픽 뷰어 개발1 명PCB 회로설계[담당업무]  Analog & Digital HW  회로 설계 및 디버깅 (PADS)- PCB Artwork  설계 및 디버깅 (PADS)- 객체 및 상황 인식 기술 개발[근무부서 및 직급/직책]- 근무부서 : 회로설계팀- 직급/직책 : 선임연구원, 책임연구원 (각1명)[자격요건]- 경력 : 3년 이상 10년 이하- 학력 : 대학교(4년)졸업 이상- Automotive용 회로 개발 경력자- 유해물질 준수(RoHS), 규격/인증(KC, UL, CE 등) 업무 유경험자[우대사항]- 우대사항 : 석박사 2 명센서시스템 개발 및 평가

[담당업무]  라이다 설계 및 평가- 라이다 센서 시스템 개발 및 평가- 라이다 시스템 테스트 시나리오 수립[근무부서 및 직급/직책]- 근무부서 : 시스템 평가 및 개발팀- 직급/직책 : 선임연구원 또는 책임연구원 (각1명)


[자격요건]- 경력 : 3년 이상 7년 이하- 학력 : 대학교(4년)졸업 이상- 센서 신호 계층 및 분석 경력 (2년) 또는  광학(조명/결상) 시스템 개발 경력(2년) 또는  전자제품 (총합) 성능 평가 경력(2년) 이상인 분[우대사항]- 전공계열                   : 공학계열- 우대사항 : 석박사

0 명





근무조건
고용형태 : 정규직(수습기간3개월)근무부서 : 포지션에 따라 상이팀급여조건 : 연봉 협의 후 결정


전형단계 및 제출서류
전형단계 : 서류전형 > 면접진행 > 최종심사 > 최종합격추가 제출서류 : 이력서, 자기소개서, 포트폴리오 (필수)


접수방법
채용시
접수방법: 이메일접수양식: 자유양식


기타 유의사항

입사지원서 및 제출서류에 허위사실이 있을 경우 채용이 취소될 수 있습니다.


00










"
굿커리어,"전자·반도체, 응용프로그래머, ERP·시스템분석·설계",,신입/경력12년미만,로봇제어," 서울 강남구 봉은사로 121 4층 (논현동,대종빌딩) ","


반도체,디스플레이장비 SW개발(제어) 사원,대리,과장급 구함(굿커리어) - 인크루트 채용















굿커리어
반도체,디스플레이장비 SW개발(제어) 사원,대리,과장급 구함(굿커리어)



모집부문 및 자격요건






담당업무
자격요건
인원





[근무부서 및 직급/직책]직급/직책: 과장, 대리, 사원


안녕하세요굿커리어의 헤드헌터 유창덕입니다.저희는 금융,소비재팀과 반도체,전자팀과 컨설팅,IT팀과중공업,화학팀, 자동차,기계팀, 제약,의류팀을 주축으로최고 임원급을 비롯하여 각분야 실무 전문가들을만 18년째 추천드리는 최고의 korea headhunter search firm입니다좋은 포지션을 추천드립니다.고객사: 유명 중견기업주요업무: 반도체장비 SW개발(제어, UI, FA, Database, 영상처리)자격요건 :- 대졸이상- 석사이상 우대- 사원,대리,과장급- 반도체장비 SW개발 경력자- 제어, UI, FA, Database, 영상처리 등 경력자- SQL, MFC, VC++, C# programming languages skill- Exprerience of script language such as Matlab, Python etc- 반도체 설비 경험자 (반도체 공정) 우대- 자동화 직무 경험자 (FA)- H/W 제어 직무 경험자- Matrox / Halcon 관련 영상처리 경험자근무지: 경기도해당되시거나 주위에 좋은 분이 있으시면최종,희망연봉,입사가능시기 등을 상세히 적어서head@goodcareer.co.kr******@*******.***로 국문이력서를 보내주시기 바랍니다***-****-****로 문의바랍니다기타 관련 포지션은 저희 홈페이지(www.goodcareer.co.kr)를 참고하시기 바랍니다감사합니다.

0 명





근무조건
고용형태: 정규직급여조건: 연봉 협의 후 결정


전형단계 및 제출서류
전형단계: 서류전형 > 면접진행 > 최종심사 > 최종합격추가 제출서류이력서, 자기소개서


접수방법

접수방법: 인크루트 채용시스템, 우편, 팩스, 방문, 이메일, 전화/휴대폰접수양식: 인크루트 이력서, 자유양식


기타 유의사항

입사지원서 및 제출서류에 허위사실이 있을 경우 채용이 취소될 수 있습니다.











"
한국폴리텍대학 성남캠퍼스,"연구원·연구개발, 기술영업, 바이오·식품공학, 빅데이터·AI(인공지능), 응용프로그래머, ERP·시스템분석·설계, 전자·반도체, 네트워크·서버·보안, 게임(Game), 소프트웨어·하드웨어",,신입/경력(연차무관),로봇제어, 경기 성남시 수정구 수정로 398 (산성동)    ,"


[전액무료] 하이테크 과정 교육생  2차 모집 - 인크루트 채용























T E C . 
별 . 성남폴리텍 하이테크과정 
L , 
? 
, 
 한국폴리텍대학 
X 성남캠퍼스 
청년 취업 프로그램 
AI 
취업률 
% 
하이테크과정이란? 전형일정 
고학력 청년 실업난 해결을 위해 만든 융합형 기술과정으로 
합격자 발표 및 
과정 차수 원서접수 면접 
4차 산업혁명 시대 핵심기술과 미래 신산업 분야의 기술인재를 등록 
양성하기 위한 고급과정 
2023.11.01.(수) 2023.12.21(목) 
1차 2023.12.14(목) 
~ 2023.12.08.(금) ~ 2023.12.22(금) 
하이 
하이테크과정 특전 테크 
2023.12.11.(월) 2024.02.13(화) 
2차 2024.02.06.(화) 
입학생 모두에게 제공되는 특전을 누리세요! ~ 2024.01.31.(수) ~ 2024.02.14(수) 
※ 선발방법 : 면접100%(성적반영 없음) 
※ 모집학과 및 모집인원은 대학 사정에 따라 변경될 수 있음 
5 
교육훈련비 기숙사·중식 수료생 전원 훈련장려금 지급 
전액 무료 제공 취업알선 및 (출석률 기준 충족시, 
사후관리 대상자별 차등) 모집학과 및 연락처 
대상 생명정보시스템 ***-****-**** 
AI자동화 ***-****-**** 
V 2·4년제 졸업 후 미취업자 (휴학생도 지원가능) 
반도체소재응용 ***-****-**** 
4년제 대학의 2년이상 수료자는 총 취득학점이 
60학점 이상 이수자에 한함 SW융합시스템진단 ***-****-**** 
수료(예정)자는 수료증명서 제출이 가능하여야 함 인공지능소프트웨어 ***-****-**** 
만 39세 이하인 자 그린반도체설계 ***-****-**** 
입학,등록 문의전화 ***-****-****  8호선 산성역 1번출구 도보 10분








"
(주)한국NSD,"광학·의료장비, 연구원·연구개발, 전자·반도체","월급 3,000,000",경력5년↑,로봇제어,,"


PCB Artwork 설계 - 인크루트 채용













						[직무내용]			전자부품개발CNC 공작기계 컨트롤러 개발PCBArtworkCNC 제어 보드 개발로봇제어서브모터제어						[근무시간 및 형태]							주 5일 근무																(오전) 7시 50분~(오후) 4시 50분													주소정근로시간 : 40시간									[급여조건]			    - 월급				3000000원 이상														- 상여금 : 100%										(미 포함)													- 면접 후 결정 가능								[장애인채용희망여부]																		비희망								[병역특례]														- 비희망							 






"
위드 테크놀로지(주),응용프로그래머,3200,경력(연차무관),로봇제어,,"


응용 프로그래머 모집 (Visual C++ , PLC) - 인크루트 채용













						[직무내용]			반도체,LCD,OLED, 2차전지,PCB라인 등의 자동화 프로그램을 개발하는 벤쳐 회사입니다.업무는 Visual C++등을 이용하여 로봇, 장비 등을 제어하는 프로그램을 개발합니다.개발TOOL은 주로 MFC, C/C# ,VISUAL C++등을 사용 합니다. 빅 데이터 관련 작업을 병행합니다.능력과 열정이 있으신 분들은 누구나 환영합니다.업무 특성상 해외여행에 결격 사유가 있어서는 안됩니다.						[근무시간 및 형태]							주 5일 근무																09:00~17:30													주소정근로시간 : 38시간									[급여조건]			    - 연봉				32000000원 이상														- 상여금 : 0%										(미 포함)													- 면접 후 결정 가능								[장애인채용희망여부]																		비희망								[병역특례]														- 비희망							 






"
