기업이름,고용형태,연봉,기업주소,키워드,담당업무,필요역량
베스텔라랩,경력 2~15년,회사내규에 따름,대구 동구 동대구로 465 대구스케일업허브,자율주행,[베스텔라랩] 자율주행 연구원(경기/대구)(전문연구요원가능),"['Spring FrameworkGitRiOSROSC++AWSPythonSQL', '• 자율주행차량 제어 프로그램 개발\n• 자사 측위 알고리즘 개선 및 엔진 고도화\n• 라이다, 카메라, BLE 등의 다양한 이동체 탑재 센서 기반 측위 알고리즘 개발\n• 새로운 기술개발 R&D 사업 기획, 시장 조사', '• 통계 및 수학 전공자\n• 센서 및 GPS 신호분석, 응용 알고리즘 개발 이해도 보유\n• Embedded SW개발 (C / C++)\n• 데이터 분석 (Matlab 또는 python)\n• ROS에 대한 이해\n• 측위기술 과제 경험, Embedded 시스템 구현경험\n• 머신러닝기반 알고리즘 개발 경험\n• 자율주행 시스템의 전반적인 구조에 대한 이해\n• SLAM, Kalman filter, 차량 동력학(Vehicle dynamics)에 대한 이해']"
긴트,경력 2~9년,회사내규에 따름,경기 성남시 분당구 판교로228번길 17 4층 긴트,자율주행,자율주행 개발자,"['C++SWMATLABPythonC', '• 농기계 자율주행 및 AI 관련 해외 논문 조사 및 요약\n• 농경지 자율주행을 위한 전역/지역 경로 생성 알고리즘 개발\n• 경로 추종 제어 알고리즘 개발\n• 농기계 위치/자세/주행 상태를 추정하는 센서 퓨전 알고리즘 개발\n• 농기계 주행 상황에서 센서 노이즈 제거 시스템 개발', '• 기계, 컴퓨터, 자동차, 제어, 로봇공학 관련 전공\n• 자율주행 및 AI 관련 해외 학회/저널 논문 게재 경험\n• GNSS, IMU에 대한 이해\n• 차량 동역학에 대한 이해']"
에이알247,경력 1~10년,회사내규에 따름,경기도 성남시 분당구 구미동 로드랜드이지타워 108호,자율주행,자율주행 SLAM 개발자,"['C++ROSPythonC', '• 자율주행 무인 배달 로봇 위치추정 및 지도제작\n• Lidar SLAM / Visual SLAM\n• Pose Graph SLAM\n• LegoLoam SLAM\n• IMU Odometer\n• GPS Sensor Fusion    ', '• SLAM 을 활용한 위치추정 개발 경력\n• 자율주행 관련 개발자']"
트리즈엔지니어링,경력 2~10년,회사내규에 따름,경기도 화성시 동탄산단5길 10-12,자율주행,자율주행 로봇 및 관제 SW 개발자,"['ROSLinuxC++SWPythonCC#Windows', '• 실내·외 로봇 인지, 판단, 제어 시스템 SW 개발\n• ROS, Linux, Python/C/C++  기반 로봇시스템 개발\n• 자율주행 실내·외 로봇 알고리즘 개발 \n• 관제시스템 UI/UX 개발', '• Python, C, C++ 개발 경험자\n• Windows/Linux 기반의 로봇시스템 개발 경험자 \n• 관련 프로젝트 및 업무 경험자\n• 관련 전공 석/박사 학위 보유자\n• 커뮤니케이션 능력, 문제 해결 능력 보유자']"
알지티,경력 3~7년,회사내규에 따름,서울 금천구 디지털로10길 78 10층 1009호,자율주행,자율주행 F/W엔지니어,"['OrcadC++FWPythonC', '• 당사제품에 대한 펌웨어 개발\n• 당사제품에 대한 하드웨어 설계 및 검증\n• 당사제품에 대한 시스템 통합\n• 당사제품에 대한 테스트 및 검증\n• 당사제품에 대한 문서작성\n• 기타 필요한 업무', '• 자율주행로봇 관련분야에서의 프로젝트 경험을 가진자\n• 전자공학, 로봇공학 관련 분야의 석사 이상 학위 소지자\n• 영어 능통자']"
에이알247,경력 2~10년,회사내규에 따름,경기도 성남시 분당구 구미동 로드랜드이지타워 1층 108호,자율주행,자율주행 로봇 Perception Engineer 채용,"['UbuntuOpenCVC++ROSPythonC', '• Camera / Lidar Based Vision Solution \n• Autonomous Perception Engineer \n• Object Detection, Shape Estimation, Velocity, Pose Estimation \n• Object Tracking\n• Multiple Camera Sensor Fusion\n• Camera & Lidar Sensor Fusion ', '• 자율주행 관련 업무 경험\n• 자율주행 석사 / 박사 \n• C / C++ 마스터 ']"
클로봇,경력 2~10년,회사내규에 따름,"경기도 성남시 분당구 성남대로925번길 16, 7층 701호(야탑동)",자율주행,[클로봇] 자율주행 개발자(병역특례 가능),"['GitC++LinuxROSSWPython', '• 동적 환경에서의 강인한 주행 알고리즘 개발 및 배포\n• 주행 예외 상황 대처를 위한 Behavior 개발\n• 새로운 주행 알고리즘 또는 기존 주행 알고리즘 개선 부분에 대한 평가 및 검증\n• 알고리즘 설계 및 구현에 대한 내용 문서화\n• 양산 로봇에 적용 가능한 좋은 품질의 코드 작성', '• 해당 분야 석사, 박사 학위 혹은 2년 이상의 개발 경력\n• Git을 이용한 버전 관리 경험 보유\n• Linux, ROS 이용 개발 경험 보유\n• 전문연구요원(병역특례) 지원']"
컨트롤웍스,경력신입~5년,회사내규에 따름,서울 강남구 언주로81길 13 4층,자율주행,[신입/경력] 자율주행 플랫폼 엔지니어,"['GitLinuxC++PythonEmbeddedCNetwork', '• 자율주행 시스템에 필요한 전반적인 설계 및 프로토타이핑\n• 자율주행 네트워크 구조 설계 및 구축\n• 자율주행 시스템 신호 인터페이스 설계 및 구현\n• 자율주행 보안시스템 설계 및 구축\n• 자율주행 시스템 구조 설계 및 패키징 최적화', '• 자율주행 프로젝트 수행 경험 보유자\n• 자율주행 시스템에 대한 전반적인 이해']"
컨트롤웍스,경력신입~5년,회사내규에 따름,서울 강남구 언주로81길 13 4층,자율주행,[신입/경력] 자율주행 SW 엔지니어,"['C++SWDeepLearningPythonC', '• 자율주행 소프트웨어 개발 및 최적화 (아래 중 1)\n- 딥러닝 기반 인식 알고리즘 개발\n- 다중 센서 기반 정밀 측위 알고리즘 개발\n- 동적 객체 경로 예측 알고리즘 개발\n- 경로생성 알고리즘 개발\n- 동역학 기반 차량 제어 알고리즘 개발\n- 시뮬레이션 환경 구축 및 알고리즘 최적화', '• 자율주행 프로젝트 수행 경험 보유자\n• 자율주행 시스템에 대한 전반적인 이해\n• 관련분야 석/박사 학위']"
뉴빌리티,경력 3~8년,회사내규에 따름,"서울 성동구 왕십리로 115, 2층",자율주행,Sensor Fusion Engineer(전문연구요원 가능),"['C++SWROSC', '• 실외 모바일 로봇의 자율주행을 위한 거리 센서 기반의 실시간 물체/주행 환경 검출 알고리즘을 개발하는 업무를 담당\n• 센서 퓨전을 통해 장애물을 인식 및 추적 하는 기술을 개발\n\u3000- 다양한 데이터 센서 퓨전 ( camera, depth .. )\n\u3000- 다양한 동적 장애물( 차량 , 오토바이 등 ) 을 인식 및 추적\n\u3000- 다양한 정적 장애물 ( 구조물, 연석 등 ) 을 인식 및 추적\n• 시스템 성능 분석 , 성능 평가 지표 개발 및 툴 자동화', '• 관련 분야 박사 학위 이상(이에 상응하는 경험 보유자)\n• 다양한 센서 데이터 전처리 / 후처리 과정에 대한 실무 경험\n• AI / ML 엔지니어와 함께 소프트웨어 기능 개발 및 솔루션 연구 경험\n• 다양한 거리 인지 센서 캘리브레이션 구축 경험\n\u3000- Multi Sensor 간 Geometry 에 대한 기본적인 이해']"
알지티,경력 3~4년,회사내규에 따름,서울 금천구 디지털로10길 78 10층 1009호,자율주행,다중 로봇 제어 SW 개발자,"['C++LinuxROSSWPythonC', '• 복잡하고 역동적인 환경에서 작동할 수 있는 다중 자율 주행 로봇 알고리즘을 설계 및 개발', '• navigation관련 석사 혹은 박사 학위 수여자\n• 영어가능자\n• ISO13482 인증 경험자 우대\n• AMR(Autonomous Mobile Robot) or 자율주행로봇(라인트레이서 제외) 개발 경험자\n• ROS2 가능자\n• 열정적인 모습으로 팀원들에게 동기 부여를 줄 수 있는 분\n• 외국어 : OPIc IL 이상\n• 전공 : 기계·메카트로닉스·로봇, 응용소프트웨어공학, 제어계측공학']"
클로봇,경력 3~6년,회사내규에 따름,"경기도 성남시 분당구 성남대로925번길 16, 7층 701호(야탑동)",자율주행,[클로봇] Robot Controller 및 Driver 개발자(병역특례 가능),"['C++LinuxSW', '• Two-wheel Differential, Swerve, Tricycle, Mecanum 타입 등의 구동부 제어 알고리즘 개발\n• LiDAR, IMU, Ultrasonic 센서 등의 Driver 개발\n• 기타 부가적인 로봇 장치에 대한 Driver 개발\n• Serial/CAN/Modbus 등의 통신 인터페이스 개발\n• 개발된 SW의 평가 및 검증\n• 자율주행 알고리즘 일부 개발 참여\n• 알고리즘 설계 및 구현에 대한 내용 문서화\n• 양산 로봇에 적용 가능한 좋은 품질의 코드 작성', '• 자율주행 알고리즘에 대한 이해\n• Git을 이용한 버전 관리 경험 보유\n• Linux, ROS 이용 개발 경험 보유\n• 전문연구요원(병역특례) 지원 가능']"
아이오크롭스,경력 3~15년,회사내규에 따름,서울 서초구 효령로 17 청진빌딩 2층 아이오크롭스,자율주행,Ag tech 로봇 PM,"['Robot FrameworkROSPythonRTOS', '•  스마트팜 자율 주행 로봇 프로젝트 관리\n\u3000- 관련 부서 및 로봇 개발 협력사와 협업을 통해 개발 이슈 해결\n\u3000- 개발/생산 일정 및 로봇 오퍼레이션 관리\n• 모바일로봇 기반의 신규 농작업 로봇 개발 프로젝트 리딩\n\u3000- 요구 사항 파악, 목표 설정, 일정 수립 등 신규 프로젝트의 AtoZ 기획/개발', '• 기획부터 생산까지 로봇 개발의 전 과정을 경험해 보신 분\n• 자율주행 로봇과 관련된 프로젝트 경험이 있으신 분\n• 로봇 매니퓰레이터의 프로젝트 경험이 있으신 분\n• 차량 운전이 가능하신 분\n• Ag-Tech에 대한 기본적인 이해나 관심이 있으신 분 (농업 관련 지식이 필수는 아니에요!)']"
에이모,경력 3~10년,회사내규에 따름,"경기도 성남시 분당구 판교로228번길17,이랜텍동9층(삼평동,판교세븐벤쳐벨리2)",자율주행,[AIMMO] PM팀 Data managing,"['AI/인공지능DeepLearningMicrosoft Office 365', '• 자율주행 및 ADAS 개발을 위한 인공지능 데이터 생산 \u2028외주 용역 프로젝트 운영 및 관리\n• 에이모 자율주행 데이터셋 개발을 위한 프로젝트 운영 \u2028(데이터 수집 및 가공 관리)', '• 스스로를 끊임없이 학습하며 성장하는 분\n• 업무 자동화 프로세스를 적용 경험\n• 이공계 전공 및 데이터 산업 분야에 대한 이해\n• 자율주행 데이터 가공 가이드 작성 경험\n• 자율주행 데이터 수집 및 가공 경험\n• 데이터 생성 프로세스에 대한 이해']"
슈어소프트테크,경력 3~10년,회사내규에 따름,경기 성남시 수정구 금토로80번길 37 인피니티타워 E동,자율주행,[자율주행기술팀] SW 엔지니어링(개발 및 검증),"['SWC++EmbeddedC', '• 자동차 SW 엔지니어링 서비스 수행', '• SW 공학 관련 교육 경험이 있는 분\n• C/C++ 언어 분석 및 기본적인 개발에 어려움이 없는 분\n• 스크립트 언어(Python, Shell Script 등)를 다를 줄 아는분\n• 프로젝트 및 엔지니어링 매니저 역량을 갖춘 분\n• CARLA 시뮬레이터 운영 경험자\n• Unreal Graphic Engine 활용 및 분석 경험자']"
슈어소프트테크,경력 3~15년,회사내규에 따름,경기 성남시 수정구 금토로80번길 37 인피니티타워 E동,자율주행,[자율주행검증개발팀] C++ 개발자,"['C++Linux', '• 사내 솔루션 DCAT 및 자율주행 관련 과제 수행\n\u3000- 센서 데이터 송수신 기능, 데이터 로깅/파싱 기능, 다종/다중 센서 데이터 시간 동기화 기능 개발', '• 라이다, 레이더, 카메라, IMU, GPS 등, 센서 데이터 처리 경험자\n• QT 개발 경험자\n• 새로운 일에 대한 도전적인 태도']"
컨트롤웍스,경력 2~5년,회사내규에 따름,서울 강남구 언주로81길 13 4층,자율주행,[경력] 자율주행 Front-End 개발자,"['JavaScriptLinuxHTML5CSS 3', '• 자율주행관련 UI/UX 컨셉 기획 \n- 자율주행 Driving Experience에 적합한 컨셉 기획\n- 자율주행 UI 프로토타입 설계\n\n• 자율주행 프론트엔드 개발  \n- 자율주행시 탑승자와 시스템간 UI 구현 \n- 자율주행 인터페이스 유지 및 보수', '• IT기기, 자동차 등 제조업 기반 UX/UI 디자인 경력 보유자\n• 2D/3D 디자인 툴 및 프로토타입 툴 직무 경험 보유자\n• 웹 어플리케이션 디자인/설계 경험\n• Linux 상 프로그램 개발 능력']"
뉴빌리티,경력신입~5년,회사내규에 따름,"서울 성동구 왕십리로 115, 2층",자율주행,Planning & Control Engineer(전문연구요원 가능),"['C++ROSLinuxEmbeddedC', '• 실외 자율주행 로봇의 이동 경로 생성 알고리즘 개발\n• 모바일 로봇의 모션 제어 시스템 개발\n• 개발된 알고리즘 및 시스템에 대한 성능 향상 및 안정성 평가', '• 경로 계획 알고리즘 / 제어 시스템 개발 관련 경험\n• Linux / Embedded 시스템에서의 개발 경험\n• 다양한 센서에 대한 사용 경험\n• 체계적인 문서 작업/관리 경험\n• 영어 / 한국어에 대한 커뮤니케이션 스킬']"
알지티,경력 2~10년,회사내규에 따름,서울 금천구 디지털로10길 78 10층 1009호,자율주행,컴퓨터 비전 개발자(Computer Vision(CV) SW 개발자),"['GitROSC++SWPython', '• 센서의 특성 기반 적합한 에러 모델링 및 노이즈 제거 필터링 알고리즘 개발\n• 복잡하고 역동적인 환경에서 작동할 수 있는 객체 검출 알고리즘 개발', '• 객체 검출 및 추적 관련 분야 석사 이상 학위 소유자\n• AMR or 자율주행로봇 (라인트레이서 제외)개발 경험자']"
알지티,경력 3~10년,회사내규에 따름,서울 금천구 디지털로10길 78 10층 1009호,자율주행,모바일 로봇 제어 SW 개발자 채용,"['GitROSC++SWPython', '• 지도에서 효율적이고 안전한 global path planning 알고리즘 개발\n• 복잡하고 역동적인 환경에서 작동할 수 있는 local path planning 알고리즘 개발', '• Navigation 관련 분야 석사 혹은 박사 학위 소유자\n• ISO13482 인증 경험자 우대\n• AMR or 자율주행로봇 (라인트레이서 제외)개발 경험자\n• ROS2 가능자\n• 열정적인 모습으로 팀원들에게 동기 부여를 줄 수 있는 분']"
넥스트칩,경력 5~15년,회사내규에 따름,경기도 성남시 분당구 판교역로 230 삼환하이펙스 B동 10층,자율주행,Automotive Embedded S/W 부문 채용,"['GitC++LinuxEmbeddedCGitHub', '• 자율주행용 SOC를 검증하고 SDK를 개발하는 업무\n• FPGA 검증 (CPU, Peripheral, GPU, Ethernet, Codec, DSP, ADAS IP, NPU, VPU, DSP)\n• SDK/BSP 개발 (Linux, RTOS, F/W, AUTOSAR)\n• ADAS S/W Platform 개발 (Deep Learning, VSLAM)\n• ISO26262 프로세스 적용', '• 경력 5~10년 우대\n• ISO26262 개발 프로세스 유경험자\n• Linux Device Driver, Kernel Porting, U-boot Porting 유경험자 우대\n• deep learning framework 사용(pytorch, tensorflow 등)\n• AUTOSAR MCAL 개발 유경험자\n• 영상 관련 지식 / 경험자 우대']"
아이나비시스템즈,경력 3~10년,회사내규에 따름,경기도 성남시 분당구 판교역로 240,자율주행,그래픽스 영상처리 SW 개발자 채용,"['Android OSOpenGLC++iOSLinuxDirectXC', '자동차는 단순한 이동 수단을 넘어 새로운 경험을 제공하는 공간으로 진화되고 있습니다.\n자율주행 시대에 차 안의 새롭고 혁신적인 경험을 함께 만들어 갈 역량있는 개발자분을 모십니다.\n\n• 모바일과 인포테인먼트 시스템에 지도 정보를 표시하는 자체 디스플레이 엔진을 개발합니다.\n• 자체적인 크로스플랫폼 엔진과 Mapbox 기반의 모바일 엔진을 보유하고 있고, 개발 및 고도화를 담당합니다. (Android, iOS, Linux OS 대응)\n• HD-map을 기반으로 자율주행 차량과 상호 작용하는 디스플레이 엔진을 연구 개발합니다.', '• 그래픽스 API 기반 상용화 프로젝트 경험 (OpenGL, DirectX 등)\n• 그래픽스 파이프라인 구성 및 리소스 최적화 경험\n• Android, Linux Platform 이해도가 있는 분\n• 자동차사와 긴밀한 소통 및 개발 관리 경험이 있는 분\n• 차량용 인포시스템(IVI) 관심 및 이해도가 있는 분\n• 동료 개발자와 원활한 소통이 가능하고 함께 성장할 수 있는 가능성이 있는 분']"
모비루스,경력신입~10년,회사내규에 따름,대구 동구 동대구로 475,자율주행,[대구] 소프트웨어 개발자 - System 사업실,"['C++SWEmbedded LinuxCGitHub', '• In-vehicle Infotainment System 개발자\n\u3000- C/C++ 을 이용한 아키텍쳐 설계 및 Infotainment Application 개발\n\u3000- 라이다/카메라 센서를 이용한 자율주행 알고리즘 개발', '• 컴퓨터/시스템 공학 전공\n• 해당 직무 근무 경험, AVN(IVI) 시스템 개발 경험, QT 개발 경험, Git 활용 경험']"
에프엠,경력 3~10년,회사내규에 따름,충북 청주시 흥덕구 오송읍 오송생명10로 47,자율주행,소프트웨어 개발 경력직 채용,"['C++UnityPythonUnreal Engine', '• 해안 감시용 로봇 운용 S/W 개발\n\u3000- 로봇 휴대용 조종장치 S/W 개발\n\u3000- 운용통제장치 S/W 개발\n\u3000- 임무통제장치 S/W 개발\n• 기 개발된 정찰용 자율주행 선박 S/W 오류 수정\n\u3000- CCTV의 RGB카메라 프로그램 수정\n\u3000- INS 센서 데이터의 오류 수정\n\u3000- 기존의 센서 데이터 합성 프로그램 수정\n• 기타 S/W 관련 문서 작성 ', '• 컴퓨터/시스템공학, 공학계열\n• 해당직무 근무경험\n• 정보처리기사\n• Unity 및 Unreal Engine 개발 경험자']"
엔디에스솔루션,경력 3~15년,회사내규에 따름,"경기 용인시 기흥구 흥덕중앙로 120, 1512호",자율주행,응용 소프트웨어 개발자,"['Android OSC++CWindowsMfc', '• 자사 솔루션 Q-Sign, Q-Wayfinder SW 관련 업무\n• Q-Sing, Q-Wayfinder SW 기능 개선 및 유지 보수\n• Data Base API 연동 업무\n• Web DB 및 안드로이드 개발\n• 다양한 요구 사항에 유연하게 대응 가능한 효과적인 소프트웨어 설계 및 구현\n• 인공지능 자율주행 로봇 프로그램 기능 구현 및 개선', '• 컴퓨터공학 관련 전공자 및 경력 우대\n• 팀웍 작업에 능숙하고 소통이 원활하신 분\n• 정부 R&D 과제 기획 및 관리 운영 경험자 우대\n• 자격증 보유자 우대']"
클로봇,경력 10~20년,회사내규에 따름,"경기도 성남시 분당구 성남대로925번길 16, 7층 701호(야탑동)",자율주행,[클로봇] 로봇 관제 시스템 설계 개발 리더,"['MSAMQTTSpring BootROSJavaKubernetesVue.jsPython', '[ 로봇 관제 시스템 설계 ]\n• 로봇 관제 시스템 서버 및 시스템 아키텍쳐 설계\n• 로봇 관제 시스템 DB 설계\n• 관제 시스템 interface 설계\n• 로봇 및 외부 시스템 연동 interface 분석 및 설계\n\n[ 개발 리딩 ]\n• 팀 내 개발자들의 업무를 lead / help / check하여 기간 내 업무가 수행될 수 있도록 관리', '• 스마트 팩토리, 스마트 시티, 제조/물류, 자율주행 로봇 서비스/기술 이해\n• 산업용 기기, IoT 기술 이해\n• GIT, CI/CD 관리 경험\n• 스마트팩토리, 스마트시티, 제조/물류, 공공사업 등 다양한 산업군에서 SI 프로젝트 PM, PL 경험\n• 다양한 산업군에서 관제(모니터링/제어) 서비스/솔루션 개발 경험을 갖고 계신 분\n• 로봇 서비스 프로젝트 수행 경험이 있으신 분\n• 빅데이터, AI 등 신기술에 대한 지식과 프로젝트 경험을 보유하신 분\n• 다양한 산업군에서 Back Office 개발 경험을 갖고 계신 분\n• 컴퓨터공학, 전기전자공학, 산업공학, 로봇공학 등 관련 전공자 우대']"
클로봇,경력 5~15년,회사내규에 따름,"경기도 성남시 분당구 성남대로925번길 16, 7층 701호(야탑동)",자율주행,[클로봇] Path & Motion Planning 개발자(병역특례 가능) 채용,"['C++LinuxROSPython', '• 로봇 형상을 고려한 실시간 경로계획 알고리즘 개발 및 배포\n• 경로 추종 및 장애물 회피 제어 알고리즘 개발 및 배포\n• 시스템 요구사항을 만족하는 새로운 Planner 연구 및 개발\n• 새로운 Planner 또는 기존 Planner 개선 부분에 대한 평가 및 검증\n• 알고리즘 설계 및 구현에 대한 내용 문서화\n• 양산 로봇에 적용 가능한 좋은 품질의 코드 작성', '• 해당 분야 박사 학위 혹은 5년 이상의 개발 경력\n• 실내/실외 자율주행 알고리즘에 대한 이해\n• Git을 이용한 버전 관리 경험 보유\n• Linux, ROS 이용 개발 경험 보유\n• 전문연구요원(병역특례) 지원']"
컨트롤웍스,경력신입~5년,회사내규에 따름,서울 강남구 언주로81길 13 4층,자율주행,[신입/경력] Linux 시스템 엔지니어,"['C++LinuxYoctoPythonC', '• 자율주행 플랫폼내 Linux kernel 최적화\n• 자율주행에 필요한 Kenrel driver을 포함한 플랫폼 빌드\n• 필요에 따른 Linux kernel 수정 및 디버깅\n• middleware와 linux간 디펜던시 관리', '• Linux system programming 경험\n• Linux kernel driver 수정 및 빌드 경험\n• 자율주행 센서 (카메라, 라이다, 등) 사용 경험\n• Yocto 빌드 시스템 관련 프로젝트 진행 경험']"
에이모,경력 4~10년,회사내규에 따름,경기 성남시 분당구 벌말로50번길 41 투아이센터 7층,자율주행,[AIMMO] Data-centric 기반 딥러닝  연구/개발(Data Scientist),"['MachineLearningDeepLearningTensorFlowPyTorch', '• 머신러닝/딥러닝을 활용한 자율주행 데이터셋 개발 및 개선\n• 자율주행 데이터로 학습한 모델 결과 분석 리포팅 & 성능 개선', '• 관련 분야 석사/박사 학위 소지하신 분 (인공지능, 컴퓨터공학, 통계, 데이터분석 등) \n• Data-centric AI에 대한 이해도가 높고 관련 개발경험이 있으신 분 \n• 자율주행 데이터셋 생성/활용 경험이 있으신 분 (이미지, 라이다, 레이더 등등, 2D, 3D 데이터셋 경험) \n• Linux 기반 개발 경험이 있으신 분\n']"
파이엇,경력신입~5년,회사내규에 따름,서울 강남구 영동대로 730 5층,자율주행,SLAM & Navigation 개발자,"['C++ROSLinuxPythonC', '• SLAM & Navigation\n• LiDAR 기반 지도작성 및 위치인식 기술 개발\n• 실내외 자율주행 알고리즘 개발\n• 장애물 회피 알고리즘 개발\n• 실내외 자율주행 로봇의 경로계획, 경로추종 기술 개발', '• 실내외 자율주행 알고리즘에 대한 이해가 높으신 분\n• SW 자료구조, 알고리즘, 아키텍처에 대한 기본 지식 보유자\n• IMU 사용 경험자\n• Linux, ROS 이용 개발 경험자\n• 해당 분야 석사, 박사 학위 또는 5년 이상의 경력자']"
에이알247,경력 2~10년,회사내규에 따름,경기도 성남시 분당구 구미동 로드랜드이지타워 108호,자율주행,자율주행 로봇 Motion Control &  Path Planning,"['UbuntuC++ROSLinuxSWPythonC', '• Motion 제어 \n• Global Path Planning\n• Local Path Planning\n• Behavior Control \n• Pure Pursuit, MPC\n• Motor Control (PID,PWM,Torque,)\n• ROS1 or ROS2 \n• C/C++\n• Linux/Ubuntu ', '• 스타트업 분위기 좋아하시는 분! ']"
에이모,경력 5~10년,회사내규에 따름,경기도 성남시 분당구 벌말로 50번길 41 투아이센터 7층,자율주행,[AIMMO] 자율주행 System Engineer,"['AI/인공지능C++SWMachineLearningDeepLearningEmbedded LinuxTensorFlowPythonPyTorch', '• 센서 연동 (카메라, 라이다) \n• 딥러닝 모델 포팅 \n• 딥러닝 모델 경량화', '• 숙련된 프로그래밍 능력 (C++, Shell, Python) \n• 엣지 디바이스를 사용하여 딥러닝 모델을 포팅하고 추론해본 경험 \n• 딥러닝 모델 경량화 경험']"
에이모,경력 4~10년,회사내규에 따름,경기 성남시 분당구 벌말로50번길 41 투아이센터 7층,자율주행,[AIMMO] ML 파이프라인 개발 및 DBMS 운영 (Data Engineer),"['MachineLearningAirflowKubeflowDeepLearningKubernetesDocker', '• 머신러닝/딥러닝 활용 자율주행 데이터셋 개발\n• 파이프라인 시스템 설계, 개발 및 운영 \n• 모델 성능 최적화 및 데이터셋 개발 프로세스의 지속적인 자동화를 통한 운영 개선 \n• 데이터 전처리 및 유효성 로직 개발 \n• 데이터베이스 관리', '• 관련 분야 석사/박사 학위 이상 소지하신 분 (인공지능, 컴퓨터공학, 통계, 데이터분석 등) \n• Data-centric ai 에 대한 이해/경험이 있으신 분 \n• 자율주행 데이터셋 생성/활용 경험이 있으신 분 (이미지, 라이다, 레이더 등등, 2D, 3D 데이터셋 경험) \n• Linux 기반 개발 경험이 있으신 분 \n• 대량의 데이터 처리 경험 \n• 데이터베이스 개발 및 활용 경험 \n']"
트리즈엔지니어링,경력 2~10년,회사내규에 따름,경기도 화성시 동탄산단5길 10-12,자율주행,임베디드 MCU 펌웨어 개발자,"['ARMFWMCUEmbeddedC', '• ARM Cortex-M (STM32 Series)을 이용한 펌웨어 개발', '• MCU, C프로그래밍 개발 경험자\n• 자동 제어 개발 경험자\n• 차량용 제어기 및 통신 장비 개발 경험자\n• 각종 개발 프로젝트 참여 경험자\n• 관련 전공 석/박사 학위 보유자\n• 커뮤니케이션 능력, 문제 해결 능력 보유자']"
뉴빌리티,경력 3~8년,회사내규에 따름,"서울 성동구 왕십리로 115, 2층",자율주행,Platform Quality Assurance(QA),"['SWQAFigmaConfluenceJira', '• 웹 주문 플랫폼 서비스 및 어드민 기능에 대한 검증\n• 스프린트 단위의 업무 프로세스 내 테스트 계획 및 전략 수립\n• 요구사항 분석을 통해 영향 범위 파악 및 시나리오 기반의 Test Case 작성\n• 테스트 결과 보고 및 운영 배포 후 모니터링\n• 기획/디자인/개발/운영 등 유관 부서와의 협업', '• 컴퓨터공학 전공 혹은 그에 준하는 소프트웨어공학 기반 지식 보유\n• 애자일 스프린트 단위 개발 프로세스에서의 QA 경험\n• ISTQB, CSTS 등 테스트 관련 자격증 보유\n• 자사 프로덕트에 대한 테스트 리딩 경험\n• Postman, SoapUI, JMeter 등의 API 테스팅 툴을 이용하여 API 검증 경험\n• Selenium, Appium 등을 이용하여 자동화 테스트를 진행 해 본 경험']"
42dot,경력 8~10년,회사내규에 따름,경기 용인시 기흥구 용구대로2325번길 45-76,자율주행,Hardware Engineer,"['hwfpgaembedded', '• MCU / AP application 회로 설계\n• DCDC, LDO 등 전원 application 회로 설계\n• CAN, LIN, Auto Ethernet 등 요구 Interface Appilcation\n• Automotive 신뢰성 / 전자파 Test 진행 및 개선\n• Compliance Test 및 개선\n• HW System Bring Up\n• 실차 검증 및 개선\n• 개발/양산 시료 제작 지원 및 요구사항 대응\n• 하드웨어 회로, 레이아웃 설계 및 시작품 개발', '• IVI / ADAS / BDC등 Automotive 제어 ECU 개발 경험\n• SIPI 설계 및 해석 이해\n• High Speed Interface(PCIe, Ethernet, MIPI C/D-Phy, etc.) Application based on understanding Physical Layer\n• GNSS, LTE, WIFI/BT, etc. Application 및 실차 검증 경험\n• ORCAD / ALLEGRO tool 사용\n• Safety HW 개발 경험\n']"
42dot,경력 5~15년,회사내규에 따름,"서울특별시 강남구 남부순환로 2621 강남 D&O 빌딩 9층, 42dot",자율주행,IVI OS(Android Framework/AOSP) Engineer,"['networkc++javalinuxandroid osembeddedkotlin', '• Android Automotive 기반 IVI OS의 핵심 미들웨어 최적화 및 customization\n• Android 기반 시스템 애플리케이션 개발', '• Android 및 Linux 기반 임베디드 시스템(Tizen, AGL, GENIVI)의 UI, Multimedia, Network 프레임워크에 대한 이해\n• Android Surface Flinger 혹은 Wayland에 대한 경험이나 이해\n• OpenGL ES 등의 H/W 가속 혹은 Primitive 3D 렌더링, Animation 경험\n• PulseAudio, ALSA 등의 리눅스 멀티미디어 구조에 대한 이해\n• Android NDK 기반 개발 경험']"
유진로봇,경력 3~18년,회사내규에 따름,인천 연수구 하모니로187번길 33,자율주행,SAS사업부 글로벌프로젝트 SW(PC) 채용,"['SWC#Visual Studio', '• 자동화 설비 소프트웨어 개발\n• 자동화 설비 통합 관리 소프트웨어 개발\n• 글로벌 프로젝트 커뮤니케이션 및 진행 (영어가능자)', '• PLC 및 산업용로봇 사용 경험자 우대\n• 영어 능숙자']"
유진로봇,경력 2~18년,회사내규에 따름,인천 연수구 하모니로187번길 33,자율주행,SAS사업부 SW(PLC) 채용,"['PLCSW', '• 자동화 설비 전기 도면 작성\n• 자동화 설비 PLC 프로그램 개발\n• 자동화 설비 시운전 및 현장 Set-up\n• 자동화 설비 PLC 및 HMI 프로그램 개발', '-']"
유진로봇,경력 8~15년,회사내규에 따름,인천 연수구 하모니로187번길 33,자율주행,개발본부 PM,"['FWAnalogEmbedded', '• 제품 개발 및 양산관련 관리\n - 일정관리, 제품사양 정의, 개발 이슈 대응 등\n• 관련 부서, 고객과의 의사소통을 통한 협업 및 문제 해결\n• 신제품 개발 및 기존제품 개선관리', '• 제품기획부터 양산 전과정 경험자\n• 로봇 개발/외국 회사 협업 경험자']"
유진로봇,경력 7~15년,회사내규에 따름,인천 연수구 하모니로187번길 33,자율주행,백엔드(Back-end) 개발자 (경력 7년이상),"['JavaScriptRDBNode.jsLinuxNoSqlNetwork', '• 서비스 운영에 필요한 로봇관리를 위한 소프트웨어 설계 및 개발\n• 리소스 관리/프레임워크 개발\n• 타 소프트웨어 플랫폼 및 프레임워크, SDK 설계 및 개발\n• 엘리베이터, 자동문, 센서 등 여러가지 IoT 디바이스들을 서비스에 이용할 수 있도록 개발', '• 리눅스 환경에서의 개발 익숙자\n• RESTful API 설계 경험자\n• Network, IT Security에 대한 지식 보유자\n• 클라우드 서비스 이용 및 구축 경험자\n• RDB, NoSQL DB 사용이 익숙한 사람']"
유진로봇,경력 5~10년,회사내규에 따름,인천 연수구 하모니로187번길 33,자율주행,청소로봇팀 제어엔지니어,"['C++EmbeddedC', '• 청소로봇의 주행 제어 및 센서 퓨전 알고리즘 개발\n• 청소로봇의 청소 로직 개발\n• 청소로봇의 UI 개발\n• 센서 퓨전 알고리즘 개발', '• 시스템/컴퓨터/전자공학 전공자 우대 이동로봇 제어 및 개발 관련 경험자\n• Mobile platform을 사용, pioneering, coverage strategy 개발 경험자\n• Mobile platform을 사용, path planning/tracking 개발 경험자\n']"
유진로봇,경력 4~10년,회사내규에 따름,인천 연수구 하모니로187번길 33,자율주행,개발본부 제어 엔지니어,"['GitBitbucketUbuntuLinuxC++FWROSCJiraGitHub', '• 센서 퓨전 알고리즘 개발\n  : 다양한 센서 정보를 퓨전하는 기술 개발\n• SLAM and localization\n  : Lidar 기반의 지도작성 및 위치인식 기술 개발\n• Navigation\n  : 배송로봇을 위한 경로계획, 경로추종 기술 개발\n• 배송로봇 운용을 위한 상위 제어 프로그램 작성', '• 이동 로봇 제어 및 개발 관련 경험자\n• ROS/소스 버전/CMake개발 도구 경험자']"
유진로봇,경력 4~10년,회사내규에 따름,인천 연수구 하모니로187번길 33,자율주행,개발본부 프론트엔드(Front-end) 개발자,"['JavaScriptReactAngular 2HTML5Vue.jsCSS 3', '• 로봇 서비스 활용 가능한 웹어플리케이션 개발\n• 로봇 서비스를 쉽게 설치하고 운영, 이용가능한 Web UI 개발\n• 멀티로봇 서비스를  위한  환경설정/모니터링/운영결과 보고를 위한 UI 개발\n• 개발  로봇 운영을 위한  웹어플리케이션 개발', '• JavaScript 개발 환경 및 웹 소프트웨어 생애 주기에 대해 이해가 깊은 사람\n• 오픈소스 프로젝트 기여경험\n• Full-Stack Web Developer \n• Angular 사용에 능숙한 사람\n• CI / CD 경험자']"
유진로봇,경력 5~10년,회사내규에 따름,인천 연수구 하모니로187번길 33,자율주행,AMS사업부 FAE (기술지원 엔지니어),"['HWSW', '• 물류로봇 제품 기술 지원\n• 물류로봇 설치 및 안정화\n• 물류로봇 관련 국내외 CS 업무', ' • 영어 능숙자\n• 물류로봇 및 물류자동화  엔지니어 경력자']"
유진로봇,경력 3~18년,회사내규에 따름,인천 연수구 하모니로187번길 33,자율주행,SAS사업부 SW(PC) 채용,"['SWC#Visual Studio', '• 자동화 설비 소프트웨어 개발\n• 자동화 설비 통합 관리 소프트웨어 개발', '• PLC 및 산업용로봇 사용 경험자 우대']"
유진로봇,경력 3~18년,회사내규에 따름,인천 연수구 하모니로187번길 33,자율주행,SAS사업부 글로벌프로젝트 SW(PLC) 채용,"['PLCSW', '• 자동화 설비 전기 도면 작성\n• 자동화 설비 PLC 프로그램 개발\n• 자동화 설비 시운전 및 현장 Set-up\n• 자동화 설비 PLC 및 HMI 프로그램 개발\n• 글로벌 프로젝트 커뮤니케이션 및 진행 (영어가능자)', '• 영어 능숙자']"
오토엘,경력 3~10년,회사내규에 따름,"경기 성남시 수정구 금토로80번길 11, 301호, 302호, 303호, 304호, 305호",자율주행,PCB 회로 설계,"['OrcadHWPadsPCB', '• 아날로그 회로 설계 및 평가\n• 회로 설계 툴 사용 (OrCAD, PADS 등)', '• 원활한 커뮤니케이션 능력 \n• 전기전자/컴퓨터/정보통신 등 관련 공학계열\n• 자동차 관련 회사 아날로그 회로 개발 경험']"
오토엘,경력 3~10년,회사내규에 따름,"경기 성남시 수정구 금토로80번길 11, 301호, 302호, 303호, 304호, 305호",자율주행,임베디드 소프트웨어 개발,"['C++ARMEmbedded LinuxEmbeddedFPGAC', '• 라이다 신호처리 알고리즘 개발\n• FPGA 제어 및 연동 프로그램\n• 임베디드 소프트웨어 IP 개발', '• 원활한 커뮤니케이션 능력\n• 컴퓨터/전기전자 등 관련 공학계열\n• C/C++ 언어 사용 \n• 임베디드 리눅스 사용 \n• ARM Based SoC 개발 경험']"
오토엘,경력 3~15년,회사내규에 따름,"경기 성남시 수정구 금토로80번길 11, 301호, 302호, 303호, 304호, 305호",자율주행,FPGA 로직 개발 엔지니어,"['HWVerilogFPGA', '• RTL Simulation 및 Verification \n• FPGA 프로토 타입 개발 및 검증\n• 라이다 물리 계층 신호 처리 IP 설계 및 검증', '• 원활한 커뮤니케이션 능력 \n• 전기전자/컴퓨터/정보통신 등 관련 공학계열\n• Xilinx FPGA 사용 경험 \n• Verilog-HDL 기반 RTL 설계']"
오토엘,경력 3~15년,회사내규에 따름,"경기 성남시 수정구 금토로80번길 11, 301호, 302호, 303호, 304호, 305호",자율주행,F/W 펌웨어 개발,"['ARMC++FWEmbedded LinuxEmbeddedFPGAC', '• 라이다 신호처리 알고리즘 개발\n• FPGA 제어 및 연동 프로그램\n• 임베디드 소프트웨어 IP 개발', '• 열린 마음']"
뉴빌리티,경력 8~17년,회사내규에 따름,"서울 성동구 왕십리로 115, 2층",자율주행,Robot Embedded H/W Engineer(회로설계),"['OrcadPadsFWMCUPCBEmbedded', '• 로봇 HW Circuit Architecture 설계\n• MCU 기반 회로 설계 (STM32, NXP, Silicon Labs 등)\n• Embedded 통신(CAN, SPI, I2C) 및 전원 회로 설계\n• 회로 Tool 을 이용한 ARTWORK (PADs)', '• 300W 급 BLDC 모터 드라이버 설계\n• 차량용 Ethernet 및 CAN 통신 회로 설계 경험\n• 로봇/장비 관련 회로 설계 경험\n• 양산 제품 경험\n• RF Module 및 Antenna 회로 설계']"
뉴빌리티,경력 3~8년,회사내규에 따름,"서울 성동구 왕십리로 115, 2층",자율주행,Sensor Fusion Navigation Engineer(전문연구요원),"['GitC++ROSPythonC', '• 측위에 필요한 여러 센서들의 개별 성능 개선 및 최적화\n• 로봇 측위에 적합한 측위 알고리즘 개발\n• 여러 센서들을 융합하여 성능을 최적화 할 수 있는 센서퓨전 기술 개발', '• Git 기반 협업 경험\n• 리눅스 시스템 개발 경험\n• ROS, ROS 2를 사용한 기술 개발 경험자\n• 수평적 협업에 익숙하고 도전과 성취를 즐기시는 분\n• 계속해서 배우고 발전하고자 하는 마음을 가진 분']"
뉴빌리티,경력 3~8년,회사내규에 따름,"서울 성동구 왕십리로 115, 2층",자율주행,Computer Vision-Visual SLAM(전문연구요원 가능),"['C++ROSPythonC', '• 카메라 기반 Visual Mapping/Localization 기술 개발\n• Multi-Sensor SLAM (Vision + Other Sensors) 기술 개발\n• 학술적 성과에 대한 특허/논문 발표', '• 전기전자공학/컴퓨터공학/기계공학 전공 박사 이상 학위\n• 관련 분야 5년 이상 경력\n• 카메라 센서에 대한 높은 이해\n\u3000- Mono Camera 및 Multi Camera 간 Geometry 에 대한 기본적인 이해\n\u3000- 광학적 특성(White Balance, Gamma, Gain 등)에 따른 ISP 설계 및 튜닝 경험\n• Computer Vision, 3D Reconstruction, Multi View Geometry, SLAM, Graph Optimization 에 대한 높은 이해도\n• Deep Feature 를 활용한 Visual Localization 개발 경험\n• SLAM / Visual Localization / Visual Mapping 의 Fronted 또는 Backend 과정에서 안정성을 높이거나 가속화를 진행해본 경험 ']"
베스텔라랩,경력 2~10년,회사내규에 따름,경기 안양시 동안구 엘에스로116번길 118 안양2차 SKV1 926호,자율주행,[베스텔라랩] 프론트엔드 개발자(경기/대구)(병특가능),"['Spring FrameworkGitKotlinReactLinuxSwiftAWSPythonPHPGitHub', '• 자사가 운영하는 서비스 프론트엔드 개발', '• 슬랙(Slack), 노션(Notion), 지라(Jira), 피그마(Figma) 사용 경험이 있으신 분\n• 데이터 시각화 관련 개발 경험이 있으신 분\n• IoT Protocol 사용 경험 있으신 분\n• Web Socket을 이용한 서버와의 통신을 이해하고 있는 분']"
베스텔라랩,경력 2~10년,회사내규에 따름,대구 동구 동대구로 465 대구스케일업허브,자율주행,[베스텔라랩] 영상분석 개발자(경기/대구)(병특가능),"['GCPOpenCVSpring BootC++LinuxJavaAWSPythonCC#', '• 자사 솔루션 개발 및 유지보수(LPR, Object Detection, Object Tracking 등)', '• 슬랙(Slack), 노션(Notion), 지라(Jira), 피그마(Figma) 사용 경험이 있으신 분\n• AI 이미지 인식 관련 기본 지식 (CNN등)\n• AI Training/Inference 경험\n• 웹 어플리케이션 개발 및 운영\n• Rest API 대한 이해 및 개발 가능\n• RDBMS에 대한 이해 및 개발 가능\n• 팀워크 및 원활한 커뮤니케이션 능력\n• AWS or GCP 사용 경험 있으신 분']"
베스텔라랩,경력 2~10년,회사내규에 따름,대구 동구 동대구로 465 대구스케일업허브,자율주행,[베스텔라랩] 풀스택(Java) 개발자(경기/대구)(병특가능),"['Spring FrameworkJavaScriptMySQLSpring BootNoSqlJavaMariaDB', '• 자사가 운영하는 서비스 프론트엔드 개발\n• 자사 플랫폼 백엔드 서버 개발\n• 자사 플랫폼 운영 및 모니터링 시스템 개발', '• FrontEnd Framework(React, Angular, Vue)를 이용한 서비스 개발 경험이 있는 분\n• AWS(EC2, EB)를 통한 배포 경험이 있으신 분\n• 메트릭/로그 시각화(Grafana) 경험이 있는 분\n• 배포 자동화 관련 경험이 있는 분\n• 노션(Notion), 피그마(Figma)를 통한 협업 경험이 있으신 분']"
넥스트칩,경력신입~15년,회사내규에 따름,경기도 성남시 분당구 판교역로 230 삼환하이펙스 B동 10층,자율주행,ISP RTL 설계 부문 채용,"['C++MATLABPythonC', '• ISP / 영상 신호 처리 알고리즘 개발\t\t\t\t\t\t\t\t\t\n• ISP 반도체 설계 / 개발\t\t\t\t\t\t\t\t\t\t\t\t\t\t\t\t\t', '• 전기 / 전자공학계열 석사급 우대\t\t\t\t\t\t\t\t\t\n• 영상 신호 처리 관련 전공자 우대\t\t\t\t\t\t\t\t\t\n• ISP 설계 경험자 우대\t\t\t\t\t\t\t\t\t\t\t\t\t\t\t\t\t\t']"
넥스트칩,경력 2~15년,회사내규에 따름,경기도 성남시 분당구 판교역로 230 삼환하이펙스 B동 10층,자율주행,ISP IP 검증 및 튜닝/HW FAE 부문 채용,"['HW', '• Automotive 반도체 ISP IP 알고리즘 검증 및 튜닝\t\t\t\t\t\t\t\t\t\n• Automotive 카메라 튜닝 및 HW FAE\t\t\t\t\t\t\t\t\t', '• Automotive 카메라 관련 개발 및 양산 경험자\t\t\t\t\t\t\t\t\t\n• 영상 관련 지식 경험자\t\t\t\t\t\t\t\t\t\n• 아날로그 영상 및 Power 회로 설계 경험자\t\t\n• 해외 출장 가능자\t\t\t\t']"
넥스트칩,경력신입~15년,회사내규에 따름,경기도 성남시 분당구 판교역로 230 삼환하이펙스 B동 10층,자율주행,ISP SW 개발/Embedded SW FAE 부문 채용,"['GitSourceTreeC++LinuxArgoEclipseEmbeddedCC#GitHub', '• ARM Core S/W 개발\t\t\t\t\t\t\t\t\t\n• ISP(Image Signal Processor) FPGA S/W 설계\t\t\t\t\t\t\t\t\t\n• ISP(Image Signal Processor) Embedded S/W 개발 및 FAE\t\t\t\t\t\t\t\t\t', '• ARM 기반 Soc SW Platform 개발 유경험자\t\t\t\t\t\t\t\t\t\n• ISP(Image Signal Processor) 카메라 Application 개발 유경험자\t\t\t\n• Image Sensor(CMOS) Bring-up 유경험자\t\t\t\t\n• AE /AWB 및 영상 처리 S/W 알고리즘 개발 유경험자\t\t\t\t\t\t\t\t\t\n• RTOS 기반 Embedded SW 개발 유경험자\t\n• ISO 26262 프로세스(QAC, Vectorcast, Codesonar) 유경험자 \n• 외국어(영어, 중국어) 가능자\t\t\t\t\t\t\t']"
넥스트칩,경력 2~15년,회사내규에 따름,경기도 성남시 분당구 판교역로 230 삼환하이펙스 B동 10층,자율주행,"Automotive ISP, SOC RDK HW 설계 부문 채용","['OrcadPadsHWMCU', '• Embeded H/W 회로 설계\n• 기능 검증 및 Debugging', '• Automotive 카메라 관련 개발 및 양산 경험자\n• SOC 및 MCU, DDR4 를 활용한 회로설계 경험자\n• Embeded H/W 회로 설계 유경험자\n• 아날로그 영상 및 Power 회로 설계 경험자\n• OR-CAD & Pads Tool 사용 가능자']"
넥스트칩,경력 1~15년,회사내규에 따름,경기도 성남시 분당구 판교역로 230 삼환하이펙스 B동 10층,자율주행,SOC RTL 설계 부문 채용,"['HW', '• Automotive Application Processor 설계 프로젝트에 참여하여 경력에 따라 TOP level / Block level / IP level의 설계 및 검증\t\t\t\t\t\t\t\t\t\n• RTL design / verification / synthesis / STA / Lint / CDC / DFT 등의 업무\t\t\t\t\t\t\t\t\t', '• 석사 및 경력 2~12년차 이내\n• 자동차 관련 반도체 프로세스 경험자(ISO26262 및 CMMI 등)\t\t\t\t\t\t\t\t\t\n• CPU / DSP / GPU / NPU / VIdeo Codec IP 및 AMBA (AXI3/AXI4) 기반 SOC 설계 유경험자\t\t\t\t\t\t\t\t\t\n• High Speed Interface IP(USB / eMMC / MIPI / DDR4 / ETHERNET 등) IP 설계 및 검증 유경험자\t\t\t\t\t\t\t\t\t\n• SystemVerilog UVM 기반 verification 유경험자\t\n• 단위 IP 레벨 또는 full chip 레벨의 Synthesis / STA 유경험자\t\n• 외국어(영어, 중국어) 가능자\t\t']"
크래블,경력 4~10년,회사내규에 따름,서울시 성동구 성수일로10 서울숲ITCT 1602호,자율주행,펌웨어(Firmware) 임베디드 개발자,"['HWSWLinuxFWMCUEmbeddedC', '• CAN 통신 기반 컨트롤러 개발\n• 모터 드라이브 제어 및 알고리즘 개발\n• RTK 기반 조향시스템 개발', '• IAR Workbench, 기본 회로 이해가 가능하신 분\n• 차량 플랫폼 개발 경험이 있으신 분\n• F/W 또는 임베디드 리눅스 사용 프로젝트를 경험해보신 분\n• 경로 추정 및 주행 관련 개발 경험이 있으신 분']"
라온로드,경력신입~10년,회사내규에 따름,경기도 성남시 분당구 판교로 723B동 406-1호,자율주행,프론트엔드 신입 및 경력,"['JavaScriptES6three.jsReactHTML5Vue.jsWebGLCSS 3AngularJS', '• 솔루션 UI 개발\n• Vue, React를 활용한 서비스\n• GIS를 활용한 디지털트윈\n• Three.js, WebGL을 활용한 메타버스\n• 기타 웹 서비스 개발', '• 관련학과 전공자\n• linux 환경에서 개발 또는 서비스 운영 경험이 있으신 분\n• three.js, WebGL 등 3d 관련 경험이 있으신 분\n• GIS에대한 이해가 깊고 개발경험이 있으신 분\n• BackEnd 에대한 이해가 깊고 협업 경험이 있으신 분']"
라온로드,경력신입~10년,회사내규에 따름,경기도 성남시 분당구 판교로 723B동 406-1호,자율주행,서버/백엔드 신입 및 경력,"['MySQLREST APINode.jsC++JavaMSSQLPythonOracleGoPostgreSQL', '• Golang 또는 C++을 활용한 솔루션 개발\n• 솔루션 Restful API 개발\n• TCP/UDP/WS 등 통신 관련 개발\n• 데이터 처리 및 DB\n• 웹 서비스 개발', '• 관련학과 전공자\n• 개발자 교육과정을 이수하신 분\n• Linux 환경에서 개발 도는 서비스 운영 겸험이 있으신 분\n• 네트워크, 보안에 대한 이해가 있으신 분\n• 로드벨런싱에 대한 이해가 있으신 분\n• FrontEnd에 개발 경험 또는 이해가 깊으신 분']"
라온로드,경력신입~10년,회사내규에 따름,경기도 성남시 분당구 판교로 723B동 406-1호,자율주행,HW/임베디드 신입 및 경력,"['FFMPEGHWOpenCVLinuxC++Embedded', '• Linux 기반, Jetson 기반 영상처리 솔루션 개발\n• 응용서버/임베디드 시스템\n• 영상처리 솔루션 개발', '• Modern c++(11이상) 사용을 지향하시는 분\n• 경량화 관련 데이터 파이프라인 개발, 개선 경험이 있으신 분\n• GPU, CUDA 프로그래밍 경험하신 분\n• DB(Maria, Mysql, Redis 등) 사용 경험이 있으신 분']"
라온로드,경력신입~10년,회사내규에 따름,경기도 성남시 분당구 판교로 723B동 406-1호,자율주행,SW/솔루션 신입 및 경력,"['FFMPEGOpenCVLinuxC++Windows', '• Linux 기반, window 기반 영상처리 솔루션 개발\n• 응용서버/산업PC 등환경의 솔루션 개발\n• 영상처리 솔루션 개발', '• Multi Thread 프로그래밍에 능숙하신 분\n• Modern c++(11이상) 사용을 지향하시는 분\n• 대용량 데이터 처리 및 데이터 파이프라인 개발, 개선 경험이 있으신 분\n• GPU, CUDA 프로그래밍 경험하신 분\n• DB(Maria, Mysql, Redis 등) 사용 경험이 있으신 분\n• Python / 텐서플로, 케라스, 파이토치 등을 활용한 인공지능 관련 프로그래밍 경험이 있으신 분\n• CNN, RNN등 뉴럴네트워크 에 대한 이해가 있거나 경험해 보신 분\t']"
모비루스,경력 1~15년,회사내규에 따름,"경기 성남시 수정구 창업로 42, 735호",자율주행,머신비전 개발자 모집,"['SWMachineLearningDeepLearning', '• 카메라 / 라이다를 이용한 인식기술 개발\n• 딥러닝 / 머신러닝 기술 개발', '• 석사 이상 학위 소유자']"
라닉스,경력신입~15년,회사내규에 따름,서울 강남구 언주로135길 25,자율주행,RF/아날로그 IC 설계 개발자  [전문연구요원/병역특례 가능],"['RFAnalog', '포지션 1) RF 칩 설계 (LNA, MIXER, PLL, FILTER, DA, PA)\n\n포지션 2) 아날로그 칩 설계\n\u3000- ex) VGA, Filter, RSSI, ADC, DAC, Power Detector, PLL, LDO\n\n포지션 3) Analog / RF IC Full Custom layout 및 verification', '• 전기/전자공학, 반도체공학 석/박사 학위 소지자\n• RF Transceiver 설계회사 출신 경력자\n• RFCMOS 공정을 이용한 Analog 및 RF Layout 경력자\n• Mixed IC, RF Transceiver, Top Layout 및 Verification 경험자\n• Job deck view 경험자']"
모비루스,경력신입~10년,회사내규에 따름,"경기 성남시 수정구 창업로 42, 735호",자율주행,"SW 개발자 모집 [Android, C, C++, QT]","['C++SWMCUEmbedded LinuxQtCGitHub', '• 안드로이드 개발자(Kotlin or JAVA)\n  - Android Application 아키텍쳐 설계 및 개발\n  - 전장 SW 개발(Android Automotive OS)\n\n• C, C++ 개발자\n  - C/C++ 을 이용한 아키텍쳐 설계 및 Software 개발\n  - Embedded Linux, Git Hub\n\n• Qt 개발자\n  - Qt/Qml 을 이용한 Application 개발\n  - Hyundai/Kia 자동차 Navigation 및 자체 Solution 개발\n\n• 제어기 MCU SW 개발자\n  - Automotive MCU SW 개발\n  - CAN (CAN2.0A/2.0B/CAN-FD/J1939) interface 개발', '• 컴퓨터/시스템 공학 전공\n• 해당 직무 근무 경험, AVN(IVI) 시스템 개발 경험, QT 개발 경험, Git 활용 경험']"
WATA Inc.,경력 3~7년,회사내규에 따름,경기 성남시 분당구 대왕판교로 670 유스페이스2 B동 403호,자율주행,[WATA Inc] Java 백엔드 개발자,"['Spring FrameworkREST APILinuxJavaAWSPythonJSP', '• 물류/안전관리 서비스 플랫폼의 백엔드 서비스 개발/운영\n• 해당 DB, API 설계/개발\n• 기존 Legacy 시스템 파악 및 통합 작업\n• AWS 서버 운영 및 모니터링\n\n[개발환경]\n• 개발 언어 및 기술 : java,  springboot\n• 인프라 : AWS(EC2, S3, EBS …)\n• DBMS : PostgreSQL, MongoDB, Redis\n• 소스버전 관리 : Github\n• 협업 도구 : Jira, Confluence, Google Chat, Slack\n• 기타 : InteliJ, Postman, Datagrid, VS Code, 등', '• 공학계열\n• 위치 기반 시스템 업무 경험\n• MongoDB 사용 경험이 있으신 분\n• 웹소켓 개발 경험이 있으신 분\n• Node.js, jsp 등 개발 경험\n• 데이터베이스 모니터링 및 튜닝 능력\n• AWS 환경에서의 DevOps 가능']"
WATA Inc.,경력 8~20년,회사내규에 따름,"경기도 성남시 분당구 대왕판교로 670, 유스페이스2 B동 403호",자율주행,리더 백엔드 JAVA  자바 개발자 모집,"['Spring FrameworkREST APIJavaAWSJSP', '• 위치정보/안전 물류관리 BtoB 서비스 플랫폼의 백엔드 서비스 개발/운영\n• 해당 DB, API 설계/개발\n• 기존 Legacy 시스템 파악 및 통합 작업\n• AWS 서버 운영 및 모니터링\n\n[개발환경 ]\n• 개발 언어 및 기술 : java, springboot\n• 인프라 : AWS(EC2, S3, EBS ..)\n• DBMS : PostgreSQL, MongoDB, Redis\n• 소스버전 관리 : Github\n• 협업 도구 : Jira, Confluence, Google Chat, Slack\n• 기타 : InteliJ, Postman, Datagrid, VS Code 등', '• 해당직무 근무경험\n• MongoDB 사용 경험이 있으신 분\n• 웹소켓 개발 경험이 있으신 분\n• 위치 기반 시스템 업무 경험\n• Node.js, jsp 등 개발 경험\n• 데이터베이스 모니터링 및 튜닝 능력\n• AWS 환경에서의 DevOps 가능']"
WATA Inc.,경력 9~18년,회사내규에 따름,"경기도 성남시 분당구 대왕판교로 670, B동 403호",자율주행,[WATA Inc] 개발 기술 총괄 및 시스템 기획자,"['RDBREST APIReactC++JavaAWSSQL', '• 개발 총괄은 아키텍쳐를 계획 구현하는 Tech Lead 역할 수행\n• 공간관리 솔루션 개발 총괄로서 개발 로드맵 설계 및 추진\n• 높은 퀄러티의 제품을 효율적으로 만들 수 있도록 개발 프로세스 설계', '• IOT 플랫폼 관련 경험을 보유하고 열정이 높으신 분\n• 플랫폼 개발환경에 대한 이해와 경험이 있으신 분\n• Software 전반적인 QA 및 프로젝트 관리 관련 지식이 있으신 분\n• 개발팀을 육성한 경험과 관심이 있으신 분\n• 좋은 코드, 개발 프로세스에 관심을 가지고 노력하고 계신 분']"
WATA Inc.,경력 3~18년,회사내규에 따름,"경기도 성남시 분당구 대왕판교로 670, 유스페이스2 B동 403호",자율주행,[WATA Inc] GIS 풀스택 개발자 모집,"['Spring FrameworkGitReactWebpackC++JavaVue.jsGitLabWebGLPostGIS', '• 개발 요구사항 분석 및 설계\n• 2DGIS 웹 솔루션 개발\n• GeoServer, PostGIS, Openlayers 등을 활용하여 웹 기반 GIS 솔루션 개발 \n• 위 오픈소스의 플러그인을 개발하거나 소스코드를 일부 수정하여 문제를 해결\n** 병역특례 전문연구원 기업', '• 관련 학과 전공자\n• 유관업무 경력자\n• 자격증 : 정보처리기사\n• 전공 : 전산학·컴퓨터공학, 응용소프트웨어공학, 수학\n• 2D/3D GIS 웹개발 경험자']"
WATA Inc.,경력신입~3년,회사내규에 따름,"경기도 성남시 분당구 대왕판교로 670, 유스페이스2 B동 403호",자율주행,WATA Inc Android 앱개발 직군 모집,"['KotlinAndroid OSC++JavaAndroid SDK', '• 실내위치 정보 서비스 플랫폼  Android 앱 개발\t\n• 자사 서비스  Android 앱 개발\t\t\t\t\t\t\t\t\t\n• SDK, NDK 개발\n** 병역특례 전문연구원 기업 **', '• 공학계열 전공자\n• 지도 기반 / 위치 정보 서비스 앱 제작 경험이 있는 분\n• 앱 서비스를 오랜 기간 지속적으로 개선해보신 분\n• MVC/MVP/MVVM 이해/적용 가능한 분\n• 외부 라이브러리 /Framework 연동 경험이 있는 분(C++)\n• 위치정보 서비스에 관심이 많은 분']"
지엔아이티,경력 3~10년,회사내규에 따름,"경기 김포시 장차로5번길 20, 4층",자율주행,웹 개발자 채용(신입/경력),"['GitJavaScriptHiveREST APIKafkaJavaHTML5SpringJSPSQLjQuery', '• 공공기관 SI 및 SM\n• 전자정부프레임웤 기반 웹서비스 설계/개발/운영', '• 공공기관 또는 금융기관 SI/SM 프로젝트 경험\n• Spring 기반 RPC 또는 API 개발경험\n• pl-sql/trigger/procedure 개발 경험\n• git를 통한 형상관리 경험\n• UNIX/LINUX 서버 운영 경험이 있으신 분(기본적인 명령어 실행가능 수준)\n• 빅데이터 수집/처리(HDFS, Kafka, Impala, Hive 등) 개발 또는 운영 경험이 있으신 분']"
42dot,경력 3~10년,회사내규에 따름,"서울특별시 강남구 남부순환로 2621 강남 D&O 빌딩 9층, 42dot",자율주행,Android Automotive Engineer (Vehicle Sync Platform),"['KotlinAndroid OSTypeScriptC++JavaDockerGoK8S', 'Vehicle Sync Platform 팀은 차량 디바이스들과 클라우드 사이의 실시간 데이터 동기화 (real-time data sync)를 담당하고 있습니다. 오픈소스와 최신 분산 데이터 구조(CRDTs)에 기반하여 새로운 데이터 동기화 플랫폼을 자체적으로 개발하고 있으며, 차량과 모바일의 다양한 디바이스에서 동작할 수 있는 SDK 및 동기화 서비스를 개발하여 mobility / connected vehicle / digital twin 서비스 구현의 교두보 역할을 하고 있습니다.\n\n• Android Automotive 기반 data sync service 및 SDK 개발', '• Android platform 및 Firebase / CloudKit 등 주요 모바일 프레임워크 이해를 갖추신 분\n• Embedded Linux(C / C++ / Rust 등) 개발 경험자\n• Android 기반 BSP / sqlite / room library 개발 경험자\n• 다양한 언어(Go/Rust/Typescript/C++)간의 크로스 프로젝트 경험자\n• AWS/GCP/Azure 등 인프라에 대한 이해 및 서비스 설계/운영 유경험자\n• Devops의 이해 및 유관툴(CI/CD 툴, orchestration 툴) 및 컨테이너 기반(docker, k8s)의 서비스 운영 경험\n• 오픈 소스 운영 및 기여 유경험자']"
42dot,경력 3~15년,회사내규에 따름,"서울특별시 강남구 남부순환로 2621 강남 D&O 빌딩 9층, 42dot",자율주행,Backend Engineer (Transportation Management System),"['Spring BootNoSqlJavaAWSSQLK8S', '• 클라우드 환경에서 유연하고 확장 가능한 구조의 TMS Backend를 설계 및 개발\n• 내부 모빌리티 플랫폼 연동 개발\n• 내부 및 외부 서비스 연동을 위한 Open API 서비스 개발', '• Firstmile, Middlemile, Lastmile용 배송 서비스 개발 경험\n• 모빌리티 서비스 설계 및 개발 경험\n• 배차, 라우팅을 포함한 배송 관련 각종 알고리즘 개발 경험\n• Kotlin, Spring Boot기반 웹 어플리케이션 개발 및 상용화 경험 1년 이상인 분']"
42dot,경력 3~20년,회사내규에 따름,경기 용인시 기흥구 용구대로2325번길 45-76,자율주행,Vehicle Application Software Engineer (Body & Comfort),"['C++SWMATLABC', 'Vehicle Body & Comfort System\n차량 레벨에서의 Body & Comfort 도메인의 시스템 요구사양을 도출하고 분석\n(출입/시동, 운전자 인증, 각종 편의장치 제어, 전원관리, 타 도메인 시스템과 협조제어 수행)\n도출된 요구사양을 기반으로 시스템 구현 사양을 개발하고 검증\n시스템 사양을 기반으로 제어 시스템에 대한 SW 개발 및 검증 수행\n\nVehicle Body & Comfort System Architecture\nBody & Comfort 도메인의 제어기와 HW(센서, 엑츄에이터) 및 전력 분배에 대한 효율적인 시스템 구성\n기능 재분배 / 네트워크 / Power-net 등\n\nRemote Control & Monitoring System\n차량의 connectivity 시스템과 연동하여 Body & Comfort 도메인의 하위 시스템 및 컴포넌트에 대해, 원격 제어(Remote Control) 및 원격 진단(Remote Monitoring) 사양 개발과 SW 구현/검증\n\nRemote SW Update System\n차량의 connectivity 시스템과 연동, Body & Comfort 시스템의 원격 SW 업데이트를 위한 통신 프로토콜 및 관련 어플리케이션 SW 개발', '• 차량용 바디/전장 시스템 및  소프트웨어 개발 유경험자\n• 차량 사양(기능/시스템/진단 사양) 개발 및 차량 양산 개발 경험자\n• Matlab/simulink 활용한 모델 기반 개발 경험 보유자\n• 비즈니스 기본 영어 및 기술 미팅 가능자']"
42dot,경력 5~20년,회사내규에 따름,경기 용인시 기흥구 용구대로2325번길 45-76,자율주행,IVI System Engineer,"['Android OSLinuxARMEmbedded', '• 고성능 SoC 상에서 하이퍼바이저 설정 및 Linux 와 Android 운영체제 포팅\n• 인포테인먼트를 위한 Linux 와 Android 디바이스 드라이버의 설정과 포팅\n• 고성능 SoC 프로세서, 입출력, 메모리 등의 시스템 자원을 위한 프로파일링과 최적화 수행\n• 차량 전장품을 위한 시스템 수준의 기능 안전에 대한 검토와 설계', '• OEM, tier1에서의 인포테인먼트 관련 전장품 양산 경험\n• Android Automotive 포팅 및 관련 디바이스 드라이버 개발 경험\n']"
42dot,경력 7~20년,회사내규에 따름,"서울특별시 강남구 남부순환로 2621 강남 D&O 빌딩 9층, 42dot",자율주행,Software Engineer (Route Data Intelligence),"['C++MachineLearningPythonGo', '[포지션 소개] \n포티투닷의 Map & Navigation 팀은 안전하고 편안하며 쉽게 사용 가능한 모빌리티 서비스를 제공할 수 있는 SD, HD 지도 사양을 정의하고 지도와 내비게이션 기술을 개발합니다. \nRoute data intelligence software engineer는 사용자에게 제공된 경로의 만족도를 높이기 위해 경로 계획에 사용되는 다양한 데이터와 주행결과 데이터 등을 종합적으로 분석하여 경로 계획의 품질을 높이기 위한 기술을 개발합니다.\n\n[주요업무]\n• 교통정보, 제공경로, 차량운행궤적 등의 경로 데이터를 관리하고 분석하는 기술을 개발합니다.\n• 경로 데이터를 이용하여 경로의 ETA 모델 정확도를 개선합니다.\n• 사용자 경로 만족도 이슈를 분석하고 사용자의 경로 이탈율 감소를 위한 개선 방안 제시합니다.', '• 컴퓨터공학, 수학, 통계, GIS 등 관련 석,박사\n• 인공지능, 머신러닝 등의 개발 경험 2 년 이상\n• GIS, LBS, Mobility 분야 어플리케이션 및 서비스 프로젝트 경험\n• 새로운 개발 언어, 기술, 플랫폼에 대한 오픈 마인드를 가지신 분']"
42dot,경력 5~20년,회사내규에 따름,"서울특별시 강남구 남부순환로 2621 강남 D&O 빌딩 9층, 42dot",자율주행,Senior Android Application Engineer (Navigation),"['Android OSKotlinSWJavaAndroid SDK', '[포지션 소개] \n포티투닷의 Map & Navigation 팀은 안전하고 편안하며 쉽게 사용 가능한 모빌리티 서비스를 제공할 수 있는 SD, HD 지도 사양을 정의하고 지도와 내비게이션 기술을 개발합니다. \nAndroid application engineer는 커넥티드 환경에서 차량에 적용되는 내비게이션 어플리케이션을 개발합니다. \n지도와 내비게이션 기술을 융합하고 차량 데이터를 연결하여 정확하고 사용자 친화적인 내비게이션을 구성할 수 있도록 product manager, system engineer, map platform backend engineer와 협업합니다.\n\n[주요업무]\n• Android 플랫폼 기반의 내비게이션 앱을 개발합니다.\n• 모빌리티 지도 서비스와 연동한 검색, 탐색, 길안내 등의 내비게이션 기능을 개발합니다.\n• 차량데이터를 연동한 내비게이션 기능을 개발합니다.\n• 음성인식(VR), 증강현실(AR) 기술을 연동한 내비게이션 기능을 개발합니다.', '• GIS(geographic information system), LBS(location based service), mobility 분야 개발 경험\n• Jetpack Compose 및 Jetpack 컴포넌트 사용 경험\n• Datadog, Crashlytics 등 이슈 트래킹을 위한 툴 적용 및 사용 경험\n• 스스로 새로운 문제를 찾고 이를 해결하는 것을 즐기는 분\n• 기존 방식의 틀을 깨고 새로운 방식을 제안할 수 있는 분 ']"
42dot,경력 5~20년,회사내규에 따름,"서울특별시 강남구 남부순환로 2621 강남 D&O 빌딩 9층, 42dot",자율주행,Senior Android Framework Engineer (Navigation),"['swandroid osandroid sdk', '[포지션 소개] \n포티투닷의 Map & Navigation 팀은 안전하고 편안하며 쉽게 사용 가능한 모빌리티 서비스를 제공할 수 있는 SD, HD 지도 사양을 정의하고 지도와 내비게이션 기술을 개발합니다. Android framework engineer는 커넥티드 환경에서 차량에 적용되는 내비게이션 어플리케이션을 개발합니다. 지도와 내비게이션 기술을 융합하고 차량 데이터를 연결하여 정확하고 사용자 친화적인 내비게이션을 구성할 수 있도록 product manager, system engineer, map platform backend engineer와 협업합니다.\n\n[주요업무]\n• Android 내비게이션 SDK를 개발합니다.\n• Android 플랫폼 기반의 내비게이션 앱을 개발합니다.\n• 모빌리티 지도 서비스와 연동한 검색, 탐색, 길안내 등의 내비게이션 기능을 개발합니다.\n• 차량데이터를 연동한 내비게이션 기능을 개발합니다.\n• VR을 연동한 내비게이션 기능을 개발합니다.', '• GIS, LBS, Mobility 분야 웹/앱 서비스 개발 경험\n• 내비게이션 관련 도메인 경험 3년 이상\n• 자동차 기반 어플리케이션 개발 관련 경험 2년 이상\n• 스스로 새로운 문제를 찾고 이를 해결하는 것을 즐기는 분\n• 기존 방식의 틀을 깨고 새로운 방식을 제안할 수 있는 분']"
42dot,경력 3~10년,회사내규에 따름,"서울특별시 강남구 남부순환로 2621 강남 D&O 빌딩 9층, 42dot",자율주행,Vehicle Application SW Engineer(Connectivity),"['SWC++C', '[포지션 소개]\n42dot의 차량 Application Software Engineer는 차량 유무선 통신을 연계하는 통합 통신 시스템에 대한 소프트웨어 아키텍처 설계 및 소프트웨어 개발 업무를 담당합니다.\n\n• Connected Car Service(CCS) \n\u3000- CCS 시스템 요구사양 및 기능 개발\n\u3000- In-vehicle Network(CAN, Ethernet) & Commercial Network(상용 통신망 LTE, 5G 모뎀 연동 등)\n\u3000- CCS를 위한 소프트웨어 미들웨어, 응용 어플리케이션 개발MCU 기반 device driver, HAL(Hardware Abstraction Layer) 개발\n\n• Vehicle Data Acquisition\n\u3000- 차량 내부 데이터 수집(acquisition)을 위한 프로토콜 개발\n\u3000- 가변 데이터 수집위한 정책(policy) 적용 및 기술 개발\n\n• Remote Control & Monitoring System\n\u3000- 상용 통신망 기반, 원격 차량 제어 (Remote Control) 및 원격 진단(Remote Monitoring) 시스템 개발\n\u3000- 통신 프로토콜 및 진단 프로토콜 개발\n\n• OTA SW Update System\n\u3000- OTA 위한 서버 통신 프로토콜 및 관련 어플리케이션 개발\n\u3000- 유관 표준 프로토콜(OMA-DM 등) 분석 및 구현\n\n• In-Vehicle Gateway\n\u3000- CAN & Ethernet Gateway 및 이종 네트워크 간 Gateway 시스템 개발\n\u3000- 카메라/ 레이더 등 대용량 데이터 전송 및 Gateway 응용 기능 구현', '• HKMC 통신 통합 제어기(CCU : Central Communication Unit) 소프트웨어 개발 유경험자\n• HKMC CCU 표준사양(기능/시스템/진단 사양서) 개발 및 CCU 차종 전개\n• 비즈니스 기본 영어 및 기술 미팅 가능자']"
씨케이스택,경력신입~10년,회사내규에 따름,"경기 성남시 분당구 판교로255번길 9-22, 510-1호 판교우림W-CITY",자율주행,"Node.js 백엔드 개발자, IoT플랫폼 개발자","['MySQLMQTTNode.jsAWSRedisPython', '• 개발 S/W 제품의 서버 개발/운용\n• 솔루션 확장을 위한 기술 R&D', '• Node.js 개발 경력 1년 이상 우대\n• Python 개발 경력 1년 이상 우대\n• 백엔드 개발 경험 우대\n• MQTT, WebSockets 와 같은 실시간 프로토콜 사용 가능자 우대']"
씨케이스택,경력신입~10년,회사내규에 따름,"경기 성남시 분당구 판교로255번길 9-22, 510-1호 판교우림W-CITY",자율주행,"WEB 프론트엔드 개발자 (웹대시보드, 웹관리자)","['KotlinReactSwiftVue.jsjQuery', '• 웹 기반 실시간 대시보드 개발\n• 웹 기반 시스템 관리자 개발\n• Android, iOS App (Swift, Kotlin 의 경우) 개발\n• 솔루션 확장을 위한 기술 R&D', '• React, jQuery 류, Vue 를 이용한 웹 개발 경험 우대\n• Android / iOS 앱 개발 경험 우대\n• 웹기반 실시간 프로토콜 사용 가능자 우대\n ']"
EVAR,경력 3~20년,회사내규에 따름,"경기도 성남시 수정구 창업로 42, 420호",자율주행,전력전자/회로설계 개발자 채용,"['HWPCB', '• 충전기기 및 로봇에 들어가는 PCB 설계\n• 충전기기의 전기/전자 관련 스펙 제시, 부품 선정', '• Automotive용 회로 개발 경력자 우대\n• 자동차용 부품 품질/시험/인증(국내, 해외) 유경험자 우대\n• Battery 충/방전, 보호회로, BMS 등 관련업무 유경험자\n• 유해물질 준수(RoHS), 규격/인증 (KC 안전인증, UL, CE, CCC 등) 업무 유경험자']"
모트렉스,경력 3~12년,회사내규에 따름,"경기 성남시 분당구 황새울로258번길 25, 12층",자율주행,GUI 엔진 개발,"['OpenGLC++SWGUILinuxC', '• OpenGL/OpenGLES을 기반으로 한 GUI 엔진[TiaCore] 개발\n• Legacy code refactoring\n• 3D 기능 개선', '• OpenGL/OpenGLES 경험\n• MISRA규칙 / 정적&동적 분석을 통한 오류 유형 Coding 경험\n• Automotive SPICE 경험 ']"
모트렉스,경력 3~20년,회사내규에 따름,"경기 성남시 분당구 황새울로258번길 25, 12층",자율주행,전기차 충전기 HW 개발,"['HW', '• 전기차 완속, 급속 충전기 HW 개발\n• AP/ MCU 회로 설계(Digital, Analog 회로, 통신 등)\n• 충전기 부품 선정 및 시스템 설계 업무\n• 시제품 제작 및 양산제품 최적화\n• 개발 검증 & 양산 Follow-up\n• KC, 형식 인증, 해외 인증(EMI/EMC) 시험 및 디버깅\n• HW 기술문서 작성 및 관리', '• 해당 분야 경력보유자\n• 자동차 업계 분야 종사자\n• EV 충전기 양산 개발 유경험자\n• H/W POWER 설계(충전기, 컨버터, 인버터) 개발 유경험자']"
모트렉스,경력 3~20년,회사내규에 따름,"경기 성남시 분당구 황새울로258번길 25, 12층",자율주행,전기차 충전기 SW 개발,"['SWFWJavaRTOS', '• Modbus RS232/485 통신, CAN 통신, 네트워크 통신 SW 개발\n• CPU 기반 펌웨어 개발\n• OCPP 1.6 / 2.0.1 통신 프로토콜 연동 개발 ', '• 전기 자동차 업계 분야 종사자\n• OCA OCPP 1.6 / 2.0.1 인증 경험 보유자\n• RTOS, JAVA 개발 경험자\n• CAN 통신 경험 보유자\n• 프로그래밍 관련 자격증 소지자']"
모트렉스,경력 3~10년,회사내규에 따름,"경기 성남시 분당구 황새울로258번길 25, 12층",자율주행,System Engineer,"['Android OSLinuxTCP/IPL2', '• Android/Linux Board bring-up\n• Linux driver, UART, i2x, SPI, eMMC, MIPI 등 Linux Middleware 개발', '• 802.1Q VLAN 등의 L2 Switching Network Eng에 대한 이해']"
모트렉스,경력 5~10년,회사내규에 따름,"경기 성남시 분당구 황새울로258번길 25, 12층",자율주행,Radio/Audio SW개발,"['C++SWJavaC', '• Analog Radio/RDS Service 개발\n• Audio DSP Controller 개발', '• 전장용 AV/AVN 개발 경험\n• Analog Radio/RDS 개발 경험\n• Audio DSP 개발 경험']"
모트렉스,경력 5~10년,회사내규에 따름,"경기 성남시 분당구 황새울로258번길 25, 12층",자율주행,Android Automotive Frameworks 개발,"['Android OSAndroid StudioLinuxC++JavaCAndroid SDK', '• NDK/SDK 개발\n• Automotive Frameworks Interface 개발\n• HAL Interface 개발\n• Broadcast Interface 개발\n• Car Signal Interface 개발', '• Automotive Interface 구조 이해\n• 양산 경험']"
모트렉스,경력 5~10년,회사내규에 따름,"경기 성남시 분당구 황새울로258번길 25, 12층",자율주행,Bluetooth/WiFi 개발,"['Android OSC++LinuxJavaC', '1) Bluetooth 개발\n• Automotive 기반 Bluetooth 개발\n• CarPlay/Android Auto Bluetooth 개발/인증 지원\n• Bluetooth/WiFi Combo Module 기반 개발\n• Bluetooth SIG 인증 지원\n• Core v4.2 이상 개발\n• Multi Point(Connection) 개발\n• Android 9이상 Automotive 사양 Bluetooth Stack/Profiles\n• Field Issue 분석 및 지원\n\n2) WiFi 개발\n• CarPlay/Android Auto WiFi 개발/인증 지원\n• Bluetooth/WiFi Combo Module 기반 개발\n• WiFi Alliance Certification\n• Network Debugging\n• Backport Driver 포팅\n• WiFi HostAP Debugging\n• Field Issue 분석 및 지원', '• Bluetooth/WiFi 동시 개발 경험\n• Wired/Wireless CarPlay/Android Auto 인증 지원 \n• Bluetooth/WiFi Combo Module 기반 개발 경험\n• Bluetooth v4.2 이상 Stack/Profile 개발 경험\n• Linux Device Driver 개발 경험\n• 양산 경험']"
모트렉스,경력 4~10년,회사내규에 따름,"경기 성남시 분당구 황새울로258번길 25, 12층",자율주행,MCU 개발,"['SWMCURTOS', '• ECU SW 개발\n• MCU Interface 설계\n• CAN기반 Classic AUTOSAR BSW/RTE 개발\n• FailSafe / Diagnostic 개발', '• Vector MICROSAR / Vector CANbedded 기반 개발 경험\n• 다채널 CAN/LIN 개발 경험\n• ALTOSAR 기반 OTA 개발 경험\n• HSM Firmware 활용 보안 기능 개발 경험\n• BMS Solution Integration / FW 개발\n• ASIL-B 개발 경험']"
모트렉스,경력 3~10년,회사내규에 따름,"경기 성남시 분당구 황새울로258번길 25, 12층",자율주행,차량용 Cyber Security SW개발,"['SWC++Java', '• 차량용 Cyber Security SW개발\n• OTA/FOTA Programming\n• HSM (HW/ Security Module) 제어 SW개발', '• ISO26262/IOS21448 SOTIF 이해 또는 적용 개발\n• Agile & Automotive SPICE 경험\n• MISRA규칙/정적&동적 분석을 통한 오류 유형 Coding 경험']"
모트렉스,경력 4~10년,회사내규에 따름,"경기 성남시 분당구 황새울로258번길 25, 12층",자율주행,Linux System 개발,"['LinuxSWC++Socket.IOCethernetNetwork', '• BSP\n• Driver porting \n• uBoot/Kernel config\n• Linux 기반 Network(Ethernet) Configuration 경험', '• ISO15118/OCPP 경험자 우대 \n• Linux Security 경험(SELinux TE) \n• EV Charger Platform 기반 개발 경험\n• SW표준 개발 경험 \n(MISRA C/C++, 정적/동적 검증, ALM, SW FMEA) \n• Charging/Diagnostic/Management Service']"
모트렉스,경력 3~10년,회사내규에 따름,"경기 성남시 분당구 황새울로258번길 25, 12층",자율주행,Application 개발,"['SWLinuxC++QtWebSocketCJSON', '• LINUX Application/Service Programming \n• Qt GUI 개발', '• 전기차 충전기 Application 개발 경험 \n• Cloud Server연동의 Server to Clients개발 겸험\n• OOCP/OCSP V2G 이해']"
모트렉스,경력 3~10년,회사내규에 따름,"경기 성남시 분당구 황새울로258번길 25, 12층",자율주행,Ethernet Programming,"['C++SWTCP/IPSocket.IOJavaCanJSethernetNetwork', '• SOME/IP(서비스) 기반, DolP(진단)메시지 기반의 IVI(In-Vehicle Infortainment) Application/Service Programming\n• Network Management Programming', '• 802.1Q VLAN등의 L2 Switching Network Eng에 대한 이해']"
파인디지털,경력 1~8년,회사내규에 따름,경기도 성남시 성남대로925번길 41,자율주행,블랙박스 System 개발(F/W 개발),"['LinuxSWC++FWEmbedded LinuxEmbeddedC', '• System S/W 개발\n• Embedded Linux F/W Application 개발\n• Video / Audio Codec 활용\n• Cloud 연동 개발', '• Embedded Linux 환경에서 C 또는 C++ 개발 가능자\n• 블랙박스 / IP / Door Cam 개발 경험자\n• Network를 활용한 Real Time Streaming 및 WebRTC 개발 경험자\n• 공학 전공자']"
긴트,경력 4~8년,회사내규에 따름,경기 성남시 분당구 판교로228번길 17 판교7벤처밸리 2단지 1동 4층 긴트,자율주행,프론트엔드 경력 개발자,"['JavaScriptGitTypeScriptReactAWSHTML5React NativeCSS 3', '• React 및 React Native를 이용한 웹 및 모바일 애플리케이션 개발\n• 사용자 인터페이스 설계 및 구현\n• 크로스 플랫폼 애플리케이션 개발 및 유지보수\n• 최신 프론트엔드 기술 동향에 대한 연구 및 적용', '• 대규모 프로젝트 경험\n• Agile 및 Scrum 방법론에 대한 경험\n• 테스트 주도 개발(TDD) 및 지속적 통합(CI)에 익숙한 후보자']"
아이나비시스템즈,경력 3~15년,회사내규에 따름,경기도 성남시 분당구 판교역로 240,자율주행,Qt SW 개발 경력자 채용 - 자동차 OEM 내비게이션 HMI 개발 부문,"['LinuxC++SWQtC', '• 글로벌 OEM 신규 출시 차량의 IVI(In-Vehicle Infotainment) 인대시 내비게이션 SW 개발 업무를 담당합니다.\n• 사용자에게 안전한 드라이빙과 편리한 기능을 제공하기 위해 사양을 검토하고, 지속적인 SW 개선 업무를 수행합니다.', '• Linux, Android Platform 이해도가 높은 분\n• 차량 인포시스템(IVI)에 관심 및 이해도가 있는 분\n• 자동차 Embedded System 개발 경험 및 상용화 프로젝트 경험이 있는 분\n• 자동차사와 긴밀한 소통 및 개발 관리 경험이 있는 분']"
아이나비시스템즈,경력 5~15년,회사내규에 따름,경기도 성남시 분당구 판교역로 240,자율주행,모빌리티 분야 PM(프로젝트 매니저) 모집,"['Android OSREST APIiOSC++LinuxJavaConfluenceCJira', '• 아이나비의 모빌리티 서비스 및 오토모티브(전장) 프로젝트 S/W 로드맵 수립 관리\n• 기획~출시 단계의 프로세스 전반을 관리하고 리딩\n• 내.외부 이해관계자와 커뮤니케이션 및 조율\n• 서비스 릴리스 및 업무 산출물 정량화 관리', '• 상용 S/W 또는 모바일.웹 서비스, 오토모티브 분야 프로젝트 경험\n• 프로덕트 미션 조직과 애자일하게 일하신 경험\n• 서비스의 한 단계 성장을 이끌어 본 분\n• 고객에게 “Wow”한 경험을 제공해 본 분\n• 모바일 서비스와 글로벌 시장 동향에 이해도가 높은 분']"
아이나비시스템즈,경력 5~10년,회사내규에 따름,경기도 성남시 분당구 판교역로 240,자율주행,백엔드(Back-end) 서버 개발자 채용,"['Spring FrameworkMySQLSpring BootREST APILinuxAWSRedisjavaAmazon RDSkotlin', '• 모빌리티 서비스 및 지도 플랫폼과 연동하는 Rest API 개발을 담당합니다.\n\u3000- 스마트미터링, 택시헤일링(택시호출), 내비게이션 서비스를 위한 API 연구 개발\n• NHN Cloud 와 AWS 환경에서 개발을 진행합니다.\n• 아키텍처 설계부터 서비스 출시까지 전체 과정 참여합니다.', '• RDS, NoSQL 등 Database 관련 지식을 보유한 분\n• 다양한 오픈소스 라이브러리 및 프레임워크 도입 및 사용 경험\n• 퍼블릭 클라우드(AWS, NHN Cloud, Azure 등) 기반 시스템 설계 및 서비스 운영 경험\n• 시스템 현지화, API 구축, AWS 서비스 활용 등 유관 서버 프로젝트 경험\n• 대규모 사용자 트래픽 서비스 및 데이터 분석 경험\n• 마이크로 서비스, 서버리스 아키텍처 구축 경험\n• 애자일 스크럼 및 스프린트 경험\n• 동료 개발자, 기획자, 디자이너와 원활한 소통과 협업이 가능한 분\n• 열정을 갖고 서비스를 함께 성장시켜 갈 수 있는 분']"
아이나비시스템즈,경력 3~10년,회사내규에 따름,경기도 성남시 분당구 판교역로 240,자율주행,안드로이드 경력 개발자 - 자동차 OEM 내비게이션 HMI 개발 부문,"['Android OSKotlinREST APIJava', '[Android Developer]\n• 국내 OEM 차량의 내비게이션 SW 개발 업무를 담당합니다.\n• 안전한 드라이빙과 편리한 기능을 제공하기 위해 사양을 검토하고 지속적인 SW 개선 업무를 수행합니다.', '• Android, Linux Platform 이해도가 높은 분\n• 차량 인포시스템(IVI)에 관심 및 이해도가 있는 분\n• 자동차 Embedded System 개발 경험 및 상용화 프로젝트 경험이 있는 분\n• 자동차사와 긴밀한 소통 및 개발 관리 경험이 있는 분\n• 위치 정보와 지도를 활용한 서비스 경험이 있는 분\n• 아키텍처 및 디자인 패턴 이해와 활용 개발 경험이 있는 분\n• 스토어 상용 서비스 런칭 및 유지보수 경험이 있는 분\n• 사용자에 집중하고 경험을 개선하여 서비스를 성장시켜 갈 수 있는 분을 환영합니다.']"
긴트,경력 2~9년,회사내규에 따름,경기 성남시 분당구 판교로228번길 17 4층 긴트,자율주행,하드웨어 경력 개발자,"['OrcadHWPCBEmbedded', '• 차량용 제어기 회로 설계 및 개발\n• PCB 아트웍 설계\n• 제어기 기능 검증 및 인증 시험', '• 차량용 제어기 회로 설계 및 개발\n• 차량용 제어기 기능 검증 및 인증 시험 경험']"
엠디에스인텔리전스,경력 4~10년,회사내규에 따름,경기도 성남시 분당구 대왕판교로644번길 49  한컴타워 3층,자율주행,소프트웨어 테스트 엔지니어 채용,"['SWC++C', '• C/C++ 등 소스 코드 레벨의 검증 업무(화이트 박스 테스팅)\t\t\t\t\t\t\t\t', '• 임베디드 개발 / 화이트 박스 테스팅 유경험자 우대\t\t\t\t\t\t\t\t\t\n• SW 검증 도구 사용 유경험자 우대\t\t\t\t\t\t\t\t\t\n• ISTQB/CSTS 자격증 보유자 우대\t\t\t\t\t\t\t\t\t\n• SW테스팅에 대한 기본 이해가 있는 자 우대']"
엠디에스인텔리전스,경력 4~10년,회사내규에 따름,경기도 성남시 분당구 대왕판교로644번길 49  한컴타워 3층,자율주행,Backend 개발 및 유지보수,"['GitSpring BootLinuxNoSqlJavaAWSSpringDockerPostgreSQL', '• 플랫폼 기반 Backend 서비스 전반에 걸친 개발, 유지보수\t\t\t\t\t\t\t\t\t', '• Cloud(MS Azure, AWS)에서 서비스 개발/운영 경험이 있으신 분\t\t\t\t\t\t\t\t\t\n• 성능 튜닝에 대한 노하우가 있거나 상응하는 경험을 하신 분\t\t\t\t\t\t\t\t\t\n• 더 나은 코드를 위해 항상 노력하고 협업을 즐기시는 분\t\t\t\t\t\t\t\t\t\n• 비즈니스/제품 전략을 고려한 개발을 할 수 있으신 분\t\t\t\t\t\t\t\t\t']"
엠디에스인텔리전스,경력 2~9년,회사내규에 따름,경기도 성남시 분당구 대왕판교로644번길 49  한컴타워 3층,자율주행,AI & Computer Vision 개발자,"['AI/인공지능MachineLearningDeepLearningTensorFlowPyTorch', '• 영상 분석 데이터를 활용한 응용프로그램 개발\n• 딥러닝 기반 영상처리 알고리즘 개발', '• 전기/전자 공학, 컴퓨터/시스템 공학, 공학계열 전공자, 석사 이상 우대\n• TensorFlow, PyTorch 등을 활용한 AI 개발 경험이 있으신 분\n• 최신 논문을 이해하고 개발에 적용할 수 있는 능력을 갖추신 분\n• Vision AI 관련 프로젝트 경험이 있으신 분']"
긴트,경력 4~10년,회사내규에 따름,경기 성남시 분당구 판교로228번길 17 4층 긴트,자율주행,백엔드 개발자,"['JavaScriptTypeScriptREST APIAWSPythonGraphQL', '• 시스템 신규 개발 및 유지 운영\n• 유저 서비스에서 사용되는 다양한 API 개발 및 관리\n• 백엔드 아키텍쳐 설계 및 개선', '• Cloud Service (AWS) 서비스를 이용한 개발 경험이 있는 분\n• Computer Science 지식에 대한 깊은 이해가 있는 분\n• 오픈소스 개발 경험이 있으신 분\n• 다양한 Database에 대한 이해를 바탕으로 용도에 맞는 최적의 DB 선택 및 설계가 가능하신 분']"
인피닉,경력 7~10년,회사내규에 따름,서울특별시 금천구 가산디지털1로 186 (가산동),자율주행,[가산] SW 테스트 엔지니어 (QA) PM 경력직 채용,"['HWSWQA', '1. E-commerce PM\t\t\t\t\t\t\t\t\t\n• 모바일 앱 영역에대한 매뉴얼, UI 테스트, API 테스트 자동화에 대해 설계/수행/결과/개선 활동\t\t\t\t\t\t\t\t\t\n• 외부 협력 업체 관리 및 지표 개선 활동\t\t\t\t\t\t\t\t\t\n• 품질프로세스 개선 및 고객 문제 해결 활동\t\t\t\t\t\t\t\t\t', '• 테스트 관련 자격증 보유자 (ISTQB, CSTS 등)\t\t\t\t\t\t\t\t\t\n• IT 관련 자격증 보유자(정보처리기사, 산업기사, 워드프로세서 등)\t\t\t\t\t\t\t\t\t\n• IT 관련 유사 학과 졸업자 / 프로그래밍 언어 전공자 및 가능자\t\t\t\t\t\t\t\t\t\n• 토익/토플 최근 2년 이내 공인 어학 성적 보유자\t\t\t\t\t\t\t\t\t\n• SW/HW 품질 관련 유경험자\t\t\t\t\t\t\t\t\t']"
클로봇,경력 3~10년,회사내규에 따름,"경기도 성남시 분당구 성남대로925번길 16, 7층 701호(야탑동)",자율주행,[클로봇] 안드로이드 앱 개발자,"['KotlinAndroid OSJavaFigmaJira', '• 안드로이드 앱 개발 및 유지보수\n• 안드로이드 앱 아키텍처 구상 및 개선\n\n• 개발언어 : java, Kotlin\n• 형상관리 : gitlab\n• 디자인 : figma', '• 서비스 개발 및 운영 경험\n• 유닛/UI 테스트 작성 경험\n• MQTT, Restful API 사용 경험\n• 카메라/비전 관련 개발 경험\n• 로봇 관련 개발 경험']"
클로봇,경력 1~3년,회사내규에 따름,"경기도 성남시 분당구 성남대로925번길 16, 7층 701호(야탑동)",자율주행,[클로봇] 백엔드 개발자,"['TypeScriptNode.jsREST APIJava', '• 다수의 로봇을 관리하는 Robot Management System 설계 및 개발\n• 다수의 로봇과 통신하며 다양한 비즈니스 로직을 수행하는 웹서버 형식의 RMS 개발\n• 유저가 웹페이지를 통해 로봇에게 명령을 내리고 로봇 상태를 모니터링 하는 형태의 서버의 개발\n• 주어진 요구사항에 맞춘 서버/DB/시스템 전반에 대한 설계 및 로봇의 업무 수행 방법론 설계', '• 로봇 시스템 개발에 흥미가 있으신 분\n• Java, Spring boot를 사용한 웹서버 개발 경험이 있으신 분\n• ROS/ROS2에 대한 경험 혹은 로봇과의 통신 모듈 개발 경험이 있으신 분\n• PostGIS와 같은 GNSS 데이터 처리 경험이 있으신 분\n• 스스로 문제를 정의하고, 해결 방안을 찾아 나갈 수 있는 능력과 원활한 의사소통 및 협업 능력을 갖추신 분']"
클로봇,경력 4~8년,회사내규에 따름,"경기도 성남시 분당구 성남대로925번길 16, 7층 701호(야탑동)",자율주행,[클로봇] 프론트엔드 개발자,"['TypeScriptREST APIVue.js', '• 로봇 운영 관리 시스템의 프론트엔드 개발\n• 2D/3D 지도 위에 다양한 데이터를 정합하여 보여주는 기능 개발\n• 로봇, 사용자, 프로젝트 설정 등 시스템의 전반적인 기능 개발', '• 로봇 시스템에 관심이 있으신 분\n• 웹/앱 개발 경험이 있으신 분\n• 반응형 디자인, 웹 접근성, 웹 표준을 고려한 UI 개발 경험이 있는 분\n• 웹 성능 최적화 경험이 있으신 분']"
칩스앤미디어,경력 8~16년,회사내규에 따름,대구 동구 동대구로 550 대구시내 공유오피스,자율주행,[대구연구소] 시스템반도체 HW Engineer(Sr급),"['HWC++LinuxPythonVerilogFPGAC', '• (Video Codec/AI network/Image processing IP를 위한) Video Spec definition, Macro/Micro 아키텍처 설계, RTL 코딩, Simulation and Synthesis을 포함한 모듈 개발\n• Scripting tool을 사용하여 기존 RTL 블록과 검증 환경을 유지 및 향상\n• Software development team과 협업', '• 아래 내용 중 한 개 이상의 개발 경험\n    - Video Codec\n    - AMBA AXI\n    - Memory sub system\n    - Image signal processing\n• Python/linux script 사용 가능자\n• FPGA 플랫폼을 이용한 검증 경험']"
칩스앤미디어,경력 8~16년,회사내규에 따름,대구 동구 동대구로 550 대구시내 공유오피스,자율주행,[대구연구소] 시스템반도체 HW Engineer(Leader급),"['HWC++VerilogC', '• HW (IP) 개발및 Project 관리\n• Technical leader 역할 수행\n• 타 개발 부서와 협업 및 고객사 대응\n• Pre/Post Sale support', '• 비즈니스 영어 활용 가능자\n• HW(RTL) 외에 SW(FW)에 관련된 이해도가 있는자\n• SoC chip 개발 경험자']"
로아스,경력 3~10년,회사내규에 따름,"경기도 안양시 동안구 엘에스로 116번길39, 사무동 402호 엘에스엠트론하이테크센터(호계동)",자율주행,플랫폼개발팀 로봇 전장개발 경력직 채용,"['OrcadHWAutocadPCBEmbedded', '모바일 로봇, 다관절 로봇 등 대상으로 아래와 같은 업무를 진행합니다.\n\n• 전장 및 하네스 설계 및 제작\n• 고객 요구에 맞춰 전장/하네스 통합 \n• PCB 설계\n• 로봇 HW Circuit Architecture 설계\n• Embedded 통신 및 전원 회로 설계', '• 설계툴 (Altium designer, orCAD, AutoCAD 등) 활용 설계 가능자\n• 관련학과(메카트로닉스, 로봇공학, 전기전자공학, 제어공학 등) 이공계열 전공자']"
비트나인,경력 2~15년,회사내규에 따름,서울 강남구 테헤란로 516 4층,자율주행,Frontend 개발자 (개발팀원),"['JavaScriptTypeScriptReactHTML5Vue.jsAngularJSCSS 3', '• Graph Database 관련 솔루션 Frontend 개발 (TypeScript + React 등 기반의 시각화, 관리, 저작 도구 개발)', '• 최신 기술에 대한 탐구욕과 성취욕이 강하신 분\n• Babel, Webpack과 같은 라이브러리를 활용하여 소스를 컴파일하고 개발환경을 구축할 수 있는 능력\n• 자기 주도적인 개발 (라이브러리 및 오픈소스 기여 경험)\n• 테스트 자동화 및 테스트 코드 작성 경험\n• 애자일 스크럼 경험\n• Back-end, DevOps 등의 이해와 경험이 있으신 분\t\t\t\t\t\t\t\t']"
비트나인,경력 3~10년,회사내규에 따름,서울 강남구 테헤란로 516 4층,자율주행,시니어급 C 개발자,"['DBC', '• C 개발자\t\t\t\t\t\t\t\t\t\n• 백엔드 개발자\t\t\t\t\t\t\t\t\t', '• Graph Database에 대해 관심이 있거나 사용해본 사람\t\t\t\t\t\t\t\t\t\n• 기술적인 의견 공유 및 소통에 거부감이 없는 사람\t\t\t\t\t\t\t\t\t\n• 영어 소통이 어느 정도 가능한 사람\t\t\t\t\t\t\t\t\t\n• 개발적인 측면에 있어 새로운 기술에 대해 관심이 많은 사람\t\t\t\t\t\t\t\t\t\n• 본인이 수행한 업무를 체계적으로 문서화할 수 있는 사람\t\t\t\t\t\t\t\t\t\n• 단순히 하달된 업무 처리가 아닌, 해당 업무에 대한 개선 사항 도출이나 추가 로직 구상에 흥미를 가진 사람\t\t\t\t\t\t\t\t\t']"
컨트롤웍스,경력신입~5년,회사내규에 따름,서울 강남구 언주로81길 13 4층,자율주행,[신입/경력] 서버 네트워크 엔지니어,"['C++LinuxTCP/IPCNetwork', '• 자율주행 어플리케이션 서버 개발 및 유지보수\n\u3000- 자율주행 데이터 자동 수집 시스템 개발\n\u3000- 네트워크 보안 인프라에 대한 전반적인 기술 지원\n\n• 자율주행 시스템 내 네트워크 최적화\n\u3000- 자율주행 데이터 스트리밍 네트워크 최적화', '• 대용량 데이터 스트리밍 경험\n• TCP/IP 혹은 UDP 통신 관련 프로젝트 경험\n• Linux 상 프로그램 개발 능력 ']"
컨트롤웍스,경력신입~5년,회사내규에 따름,서울 강남구 언주로81길 13 4층,자율주행,[신입/경력] 임베디드 엔지니어,"['C++EmbeddedCethernetRTOS', '• 자율주행 로직 임베디드 포팅\n\u3000- 자율주행 로직 포팅을 위한 시스템 구축\n\u3000- 임베디드 시스템 내 로직 분석\n\n• 임베디드 내 로직 실행을 위한 Runtime Environment 개발\n\u3000- Multi-threading을 위한 middleware 개발\n\u3000- 임베디드 소프트웨어 유지 관리를 위한 시스템 개발', '• 차량용 네트워크 프로토콜에 대한 이해 (CAN, Ethernet)\n• 차량용 임베디드 사용 경험 (STM, TC, MPC, 등)\n• RTOS등 임베디드 OS에 대한 이해\n• AUTOSAR에 대한 이해']"
이노시뮬레이션,경력 2~10년,회사내규에 따름,서울 강서구 마곡중앙8로7길 5 (주)이노시뮬레이션,자율주행,시뮬레이션 소프트웨어 개발자,"['C++UnityTCP/IPVisual C++Unreal EngineCMfc', '당사의 스마트모빌리티 사업부문은 자동차 연구개발용 고성능시뮬레이터를 개발/제조/공급하고 있습니다.\n미래자동차의 핵심인 자율주행 연구개발이 활발하게 진행되고 있고, 시뮬레이터 수요 또한 급증하고 있습니다.\n아시아 유일, 글로벌 탑3의 고성능시뮬레이터 공급 레퍼런스를 가지고 있고, 최근 실차 기반 자율주행 시뮬레이터를(VILS) 국내 최초로 수주하여 납품중에 있습니다.\n\n시뮬레이션 소프트웨어 연구개발에 함께할 실력있는 개발자를 채용중에 있습니다.\n\n[업무내용]\n• 시뮬레이션 소프트웨어(SCANeR STUDIO) 개발 및 운영\n• 기타 시뮬레이션 어플리케이션 개발 및 고도화', '• 석사 이상\n• 시뮬레이션 소프트웨어 개발경험']"
앤씨앤,경력 5~20년,회사내규에 따름,"경기도 성남시 분당구 판교로 323(삼평동, 벤처포럼빌딩) 9층",자율주행,Automotive Embedded S/W 엔지니어 모집,"['SWLinuxFWEmbeddedFPGARTOS', '• 전장용 자율주행 SoC를 검증하고 SDK를 개발하는 업무\n• FPGA/SoC CHIP 검증 (CPU, Peripheral, GPU, Ethernet, Codec, DSP, ADAS IP, NPU, VPU, DSP)\n• OS (RTOS/LINUX), U-Boot / ATF Porting\n• SDK/BSP 개발 (Linux, RTOS, F/W, AUTOSAR)\n• ADAS S/W 개발 (Deep Learning, VSLAM)\n• ISO26262 프로세스 적용', '• ISO26262 개발 프로세스 경험자\n• Linux Device Driver, Application 개발 경험자\n• RTOS Device Drivcer, Application 개발 경험자\n• Deep learning Framework 사용(pytorch, tensorflow 등) 경험자\n• AUTOSAR 개발 경험자\n• 영상 관련 지식 / 경험자 우대\n• 10년차 이상 우대']"
유진로봇,경력 6~10년,회사내규에 따름,인천 연수구 하모니로187번길 33,자율주행,AMS사업부 SI팀 SW(프론트엔드) 개발자 채용,"['GitVue.jsQuasar', '• 산업용 자율주행로봇 시스템을 이용하는 SI SW개발 업무 \n• Vue.js를 활용한 SPA 제작\n• 현장 설치 및 안정화\n', '• 제조산업, 물류산업 환경 경험자\n• git 사용 경험자\n• 풀스택 가능자']"
유진로봇,경력 5~10년,회사내규에 따름,인천 연수구 하모니로187번길 33,자율주행,AMS사업부 SI팀 PLC 엔지니어,"['PLC', '• PLC 로직 개발 및 전장설계\n• 물류자동화 부문의 자율주행로봇 차상장치\n• 물류자동화 부문의 고정설비 장치', '• 물류 자동화 현장 경험자 우대']"
이노시뮬레이션,경력 3~9년,회사내규에 따름,서울 강서구 마곡중앙8로7길 5 (주)이노시뮬레이션,자율주행,"엔진 개발자(Unreal, Unity)","['UnityUnreal Engine', '• 당사는 XR가상훈련용시스템을 개발/제조/공급하고 있습니다.\n• 국내 유일의 자동차, 철도, 중장비 시뮬레이터 통합플랫폼 보유 및 수출 레퍼런스를 갖고 있습니다.\n• 특히 K-방산의 수출확대에 따라 전방산업으로터 수요가 급격히 증가하고 있습니다.\n• K-9, K계열전차, T-50, FA-50 등 성공적인 프로젝트를 수행하였고, 최근 방산부문도 무인, 자율주행 관련 연구개발이 활발하게 진행되고 있습니다\n• 이에 따라 당사와 함께 성장할 역량높은 엔진개발자를 채용하고 있습니다. (언리얼, 유니티)', '• 석사 이상']"
스타마타,경력신입~10년,회사내규에 따름,"경기도 성남시 중원구 성남대로 997번길 25-15, 4층",자율주행,SW개발 신입/경력 채용 (시뮬레이션),"['SW', '• 모델링 및 시뮬레이션\t\t\t\t\t\t\t\t\t\n• 시나리오 개발, 시뮬레이션 수행 및 분석 업무 담당', '• 모집분야 관련 학과 전공자 또는 자격증 보유자\t\t\t\t\t\t\t\t\t\n• 석사 또는 박사 학위 수여자\t\t\t\t\t\t\t\t\t\n• 모집분야 유관업무 경험자 또는 경력자\t\t\t\t\t\t\t\t\t\n• 운전가능자\t\t\t\t\t\t\t\t\t\n• 영어가능자\t\t\t\t\t\t\t\t\t\n']"
펀진,경력 1~5년,회사내규에 따름,"서울 성동구 연무장5가길 7, 이스트동 13층",자율주행,Path Planning 엔지니어,"['GitROSC++MachineLearningTensorFlowPythonC', '• 다중 개체 커넥티드 모빌리티 Task & Path Planning 기술 개발\n• 멀티에이전트 강화합습 기반 다중 모빌리티 통합 전역경로 생성 알고리즘 개발\n• 머신러닝 활용 개발 모빌리티 지역경로 최적화 알고리즘 개발\n• 모빌리티 서비스 제공을 위한 Task and Motion Planning 기술\n• 커넥티비티 정보 활용 Navigation Detection and Tracking 기술\n• VRP, TSP Path Planning 기술 개발\n• 최적 및 최단 경로 산출 기술 개발\n• Real world Path Planning 기술 개발', '• 멀티 에이전트 강화학습 기반의 알고리즘 및 어플리케이션 연구개발 경험자 우대\n• Linux, ROS 환경 연구개발 유경험자\n• 자율주행 및 로보틱스 경력자\n• ROS 및 임베디드 시스템 경력자\n• Realtime re-routing 알고리즘 경력자\n• 강화학습 및 딥러닝 사용한 알고리즘 개발 경력자\n• 석사 우대']"
발레오오토모티브코리아,경력 1~9년,회사내규에 따름,경기 안양시 동안구 동편로 77 3층,자율주행,[발레오/안양] 자율 주행 센서 Software Engineer (Development Engineer),"['SWEmbedded', '• Develops and maintains the software detailed design, Sw Unit test specification and test report of all verification of the Sw Component in his responsibility Aligns with Software Architect\n• Develops source code in accordance with coding guidelines\n• Performs SW Unit static code analysis and ensures compliance of developed source code according to MISRA rules\n• Develops SW Unit test specification\n• Performs SW Unit test and generates SW Unit test report\n• Check in/commit of artifacts to Configuration Management database on a regular base (e.g, submitting his code using CI, Gerrit, and run delta KW, delta UT for the changes\n• Update CoreALM ticket & Activities to status ""Implemented""\n• Provides update about the status of own work in regular project meetings\n• Ensures quality of all owned deliverables (e.g maintaining the objectives of all process KPIs and Sw Code quality metrics for the software component in his ownership)\n• Reports Software Component Maturity Report to Software Implementation lead and Software Integration Lead\n• Ensures development work is fulfilling the Software Requirements Specification, and Software Architecture\n• Generates problem reports for any issue found that cannot be immediately fixed\n• Implements fixes and changes required by problem reports and change requests\n• Performs and participates in peer reviews for software, design and document (e.g. requirement and test specifications)', '• 학력 : 대졸 이상 (4년)\n• 전공 : 공학계열\n• 비즈니스 영어 가능자']"
발레오오토모티브코리아,경력 1~9년,회사내규에 따름,경기 안양시 동안구 동편로 77 3층,자율주행,[발레오/안양] 자율 주행 센서 System Engineer,"['SWEmbedded', '• Cooperates with Function Mgr/Function Owners / Systems/SW Architects, Software Development and Test engineers to ensure consistency relating to product supporting function\n• Defines the product supporting functions with respect to boundaries, conditions and constraints\n• Defines system requirements for the product supporting functions. For safety relevant items he/she defines also mechanisms for fault detection, related reactions and compensatory behaviour\n• Ensures smooth communication between the project team and customer in regards to the product supporting functions\n• Aligns/agrees on customer requirements, drives and tracks the continuous development progress, reports the status and finally drives the release process of the product supporting function(s).\n• Contributes to the function hierarchy and supports in requirements classification \n• Ensures the alignment of all involved development Metiers such as Function Owners, SW Architect, SW Project Manager, SW and System Test Lead, Functional Safety Engineer, SW Requirement Engineer\n• Ensures that SIQs mapped in the supporting functions are answered\n• Contributes to the Function development plan [FDP] for the supporting functions\n• In case of deviations defines together with the Functional Core Team countermeasures. In case the Functional Core Team cannot solve the issue by itself escalates the topic to the System Design Lead and provides adequate information and proposals for decision making\n• Manages the change management process in terms of QCT for all changes related to the supporting functions. Following the decision of the CCB he/she manages the implementation of the change (see above). \n• Ticket manager\n• Ensures flawless synchronization of Defect management (ticket) systems between the customer ticketing and the Valeo internal ticketing system.\n• Defines, set ups and maintains the interface between the ticketing systems of the customer and the Valeo ticketing system with support from internal IT department\n• Assigns unassigned customer tickets, i.e. assign tickets to a category (e.g. customer end function)', '• 학력 : 대졸 이상 (4년)\n• 전공 : 공학계열\n• 운전 가능자\n• 비즈니스 영어 가능자']"
발레오오토모티브코리아,경력 1~9년,회사내규에 따름,경기 안양시 동안구 동편로 77 3층,자율주행,[발레오/안양] 자율 주행 센서 Software Engineer,"['SWEmbedded', '• Integrates various software components, based on the SW release plan and builds an executable software\n• Checks that the software components have the correct version, life cycle state, quality standard, and expected qualifications for the modules provided\n• Checks interfaces between software components prior to integration\n• Opens tickets for any deviation or issue found\n• Performs software configuration management tasks according to SwConfigMgmtPlan(SCMP)\n• Checks that the build acceptance test is available in time for each integration', '• 학력 : 대졸 이상 (4년)\n• 전공 : 공학계열\n• 운전 가능자\n• 비즈니스 영어 가능자']"
시스콘,경력 3~10년,회사내규에 따름,"인천광역시 서구 로봇랜드로 155-30, 로봇R&D센터 4층",자율주행,Robotics Engineer(Path planning & Control Engineer/Researcher),"['ROSC++', '• 프로젝트 주행 모듈 관리 및 개선\n• 경로 계획 연구 개발\n• 경로 추종 및 제어 연구 개발\n• 물체 회피 연구 개발 / 멀티 로봇 주행 연구 개발', '• 석사 이상의 학력 혹은 3년 이상의 경력\n• 모션 제어, 최적 제어, 경로 생성 개발, 실무 및 리딩 경험이 있는 분\n• 영어 능통자\n• C++ 최적화, 자료 구조 능통자']"
실리콘투,경력 1~5년,회사내규에 따름,"경기 성남시 분당구 판교역로 231, S동 907호",자율주행,[StyleKorean] 실리콘투 백엔드 개발자 채용,"['JavaScriptMSAPythonPHP', '• 자사 OMS ( Order Management System) 신규 개발 및 유지보수 \n• 자사 이커머스 플랫폼 (StyleKorean) 유지보수', '• 유연한 사고가 가능하신 분\n• 클린코드에 관심이 있으신 분\n• 라라벨 프레임워크 경험이 있으신 분\n• 코드컨벤션에 대해 관심이 있으신 분\n• MSA에 대해 관심이 있으신 분']"
센서텍,경력 3~10년,회사내규에 따름,서울시 강서구 마곡동 790-3,자율주행,S/W 개발 (경력),"['FWEmbeddedC', '• 초음파 센서 S/W 개발 및 테스트 \t\t\t\t\t\t\t\t\t\n• LIN, DSI3, UART, I2C, 485, PLC 통신 제어 경험\t\t\t\t\t\t\t\t\t\n• C언어 기반의 Embedded S/W (Firmware) 개발 가능자\t\t\t\t\t\t\t\t\t', '• 관련분야 석사급 전공자\t\t\t\t\t\t\t\t\t\n• ISO26262 기능안전 기반 설계 경험자 \t\t\t\t\t\t\t\t\t\n• ADAS 분야 양산 개발 경험자\t\t\t\t\t\t\t\t\t\n• IATF16949, VDA6.3 (A-Spice) 기반 개발 프로세스 실무 경험\t\t\t\t\t\t\t\t\t\n• 영어 우수자\t\t\t\t\t\t\t\t\t']"
센서텍,경력 3~9년,회사내규에 따름,서울시 강서구 마곡동 790-3,자율주행,디지털 H/W 회로설계 개발 경력직 채용(RADAR),"['OrcadHWPadsMCUEmbedded', '• ADAS/In-Cabin/Healthcare용 레이더 센서 개발\n• 임베디드 MCU 응용 레이더 HW 회로 개발\n• HW 성능 및 기능 시험 검증\n• 자동차 전장부품 HW 설계\n• 개발단계 부품 발주 및 관리', '• 관련분야 석사급 전공자\n• ADAS 분야 개발 경험자\n• 정부과제 및 양산 수행 경험자\n• 회로개발(DSP/MCU) 경험자\n• 전장 Embeded H/W 회로설계 경험\n• 차량용 Ethernet 및 CAN 통신 회로 설계 경험']"
한화로보틱스,경력 3~10년,회사내규에 따름,"경기 성남시 분당구 판교로 323 (삼평동,벤처포럼벤처타워) 5층",자율주행,무인운반차(AGV) 주행 분야 SW개발자 모집,"['GitJenkinsRustSWC++LinuxQtDocker', '• AGV 주행 SW개발 및 테스트\n• AGV 모션 제어 SW모듈 개발 및 검증\n• AGV 위치 추정 SW모듈 개발 및 검증\n• AGV 경로 계획 SW모듈 개발 및 검증\n• AGV 운용 어플리케이션 SW 개발 및 검증\n• AGV 시스템 아키텍쳐 개발 및 검증', '• AGV 주행 관련 양산적용 경험자\n• AGV 주행 관련 특허 및 논문 보유자\n• 자율 주행 관련 이론에 대한 이해와 알고리즘 설계 및 코드 구현에 대한 열의가 있으신 분\n• 경로 계획에 관련된 이론 이해 및 알고리즘 구현 경험이 있으신 분\n• 위치추정(Bayesian 추론, Kalman Filter, Particle Filter)에 대한 이해도와 활용 경험이 있으신 분\n• 모터제어에 경험이 있으신 분\n• 기구학, 역기구학에 대한 이해도가 있으신 분\n• QT, ROS2, Linux, Docker, git, Jenkins 활용 능력 보유자\n• Domain-Driven Design에 대한 이해도가 높으신 분']"
다임리서치,경력 5~10년,회사내규에 따름,서울 서초구 반포대로 28길 20 두원빌딩 2층,자율주행,백엔드 엔지니어 (AI 로봇 관제 솔루션),"['AI/인공지능MongoDBC++JavaConfluenceC#JiraPostgreSQL.NET', '• 대규모 군집 물류 로봇을 중앙 제어 (Center Control) 방식으로 운영하는 백엔드 서버 개발\n• 다수 물류 로봇의 실시간 상태를 수집하고, 이를 기반으로 운영 제어하는 real-time decision making 모듈 개발\n• 연구팀과 협업하여 다임리서치 AI 물류 로봇 운영 알고리즘 라이브러리 Integration\n• 다양한 Type의 물류 로봇 운영을 통합 운영하기 위한 통신 모듈 및 Database Schema 개발', '• 대용량 데이터 처리 서비스 경험이 있으신 분\n• C#, .Net Core 활용 경험이 있으신 분\n• PostgreSQL, MongoDB 활용 경험이 있는 분\n• MQTT, Kafka 활용 경험이 있는 분\n\n[선호 인력 예시]\n• 산업 분야가 다르더라도 아래와 같이 “서버” 솔루션을 개발해 보신 분은 좋습니다.\n• 다수의 자율 주행 로봇을 통합 제어/모니터링 하는 서버를 설계 개발 해보신 분\n• 다중 사용자 접속 게임 서버를 설계 개발 해보신 분\n• 금융 IT 분야에서 다수의 접속자에 실시간 서비스를 제공하는 서버를 설계 개발 해보신 분\n• 건설/항만/빌딩관리 분야에서 다수의 설비를 제어/모니터링 하는 서버를 설계 개발 해보신 분']"
다임리서치,경력 2~7년,회사내규에 따름,서울시 서초구 반포대로28길 20,자율주행,디지털 트윈 제작을 위한 Unity 3D 개발자,"['C++UnityASP.NETUnreal EngineConfluence3D RenderingC#PostgreSQLJira.NET', '• 사용성과 미학에 중점을 두고 Unity 3D 프로젝트 내에서 사용자 인터페이스를 설계, 개발 및 구현합니다.\n• UGUI를 사용하여 사용자 친화적인 인터랙티브 3D 화면 요소를 제작합니다.\n• UI 요소를 3D 환경에 원활하게 통합합니다.\n• 복잡한 UI 관련 문제를 해결하고 UI 성능을 최적화합니다.\n• 디지털 트윈 프로젝트의 전반적인 설계 및 개발에 기여합니다.\n• 특히 UI/UX 디자인 분야의 최신 유니티 개발 동향을 파악합니다.\n• 팀 회의에 참여하여 통찰력 있는 피드백과 아이디어를 제공합니다.', '• 프로젝트 완료 경험\n• 비동기 프로세스에 대한 이해\n• 서버 - 클라이언트 구조에 대한 경험\n• UniRx 사용 경험\n• 커스텀 쉐이더 스크립팅 경험\n• 다양한 디자인 패턴에 대한 이해\n• Dependancy Injection과 MVVM에 대한 이해\n\n[선호 인력 예시]\n• 분야와 관계 없이 유니티, 언리얼 엔진을 활용한 개발을 해보신 분은 좋습니다.\n• 다수의 자율 주행 로봇을 유니티, 언리얼 엔진을 활용해 시뮬레이션 하는 서비스를 개발해 보신 분\n• 게임 분야에서 유니티, 언리얼 엔진을 활용한 게임 클라이언트 개발을 해보신 분']"
다임리서치,경력 2~7년,회사내규에 따름,서울시 서초구 반포대로28길 20,자율주행,디지털 트윈 제작을 위한 Unity 3D 모델러,"['C++UnityASP.NETUnreal EngineConfluence3D RenderingC#PostgreSQLJira.NET', '• Unity에서 사용되는 세부적인 디지털 트윈 3D 모델을 구현합니다.\n• 프로그래머와 협업하여 디지털 트윈의 특정 요구 사항과 기능을 이해합니다.\n• 시각적 품질 저하 없이 모델이 성능에 최적화되었는지 확인합니다.\n• 텍스처와 머티리얼을 적용하여 사실적인 외관을 구현합니다.\n• 필요에 따라 간단한 애니메이션을 제작할 수 있어야 합니다.\n• 모델을 테스트하고 수정하여 프로젝트 사양을 충족하는지 확인합니다.\n• 3D 모델링 및 Unity 개발의 최신 트렌드와 기술을 계속 업데이트합니다.', '• 3년 이상의 3D 모델링\n• Unity의 렌더링 파이프라인 및 최적화 기술에 대한 지식\n• 모델 디테일에 대한 관심\n• 산업 디자인, 또는 모델링 관련 분야 대학 졸업\n• 인공지능에 대한 관심\n• 에셋 폴더와 파일 정리에 대한 관심과 본인만의 룰 또는 철학이 있으신분\n\n[선호 인력 예시]\n• 분야와 관계 없이 유니티, 언리얼 엔진을 활용한 개발을 해보신 분은 좋습니다.\n• 다수의 자율 주행 로봇을 유니티, 언리얼 엔진을 활용해 시뮬레이션 하는 서비스를 개발해 보신 분\n• 게임 분야에서 유니티, 언리얼 엔진을 활용한 게임 클라이언트 개발을 해보신 분']"
